opportunity_id,player_name,role,roe,roe_tier,frame,x,y,ball_land_x,ball_land_y,flight_time_s
2023121001_595_52607,Jordan Fuller,SINGLE_HIGH,-24.83,Low,1,74.18,35.19,106.0,26.42,3.1
2023121001_595_52607,Jordan Fuller,SINGLE_HIGH,-24.83,Low,2,74.11,35.89,106.0,26.42,3.1
2023121001_595_52607,Jordan Fuller,SINGLE_HIGH,-24.83,Low,3,74.01,36.59,106.0,26.42,3.1
2023121001_595_52607,Jordan Fuller,SINGLE_HIGH,-24.83,Low,4,73.89,37.29,106.0,26.42,3.1
2023121001_595_52607,Jordan Fuller,SINGLE_HIGH,-24.83,Low,5,73.76,38.0,106.0,26.42,3.1
2023121001_595_52607,Jordan Fuller,SINGLE_HIGH,-24.83,Low,6,73.62,38.7,106.0,26.42,3.1
2023121001_595_52607,Jordan Fuller,SINGLE_HIGH,-24.83,Low,7,73.48,39.4,106.0,26.42,3.1
2023121001_595_52607,Jordan Fuller,SINGLE_HIGH,-24.83,Low,8,73.35,40.09,106.0,26.42,3.1
2023121001_595_52607,Jordan Fuller,SINGLE_HIGH,-24.83,Low,9,73.24,40.78,106.0,26.42,3.1
2023121001_595_52607,Jordan Fuller,SINGLE_HIGH,-24.83,Low,10,73.15,41.46,106.0,26.42,3.1
2023121001_595_52607,Jordan Fuller,SINGLE_HIGH,-24.83,Low,11,73.08,42.13,106.0,26.42,3.1
2023121001_595_52607,Jordan Fuller,SINGLE_HIGH,-24.83,Low,12,73.04,42.78,106.0,26.42,3.1
2023121001_595_52607,Jordan Fuller,SINGLE_HIGH,-24.83,Low,13,73.03,43.43,106.0,26.42,3.1
2023121001_595_52607,Jordan Fuller,SINGLE_HIGH,-24.83,Low,14,73.06,44.06,106.0,26.42,3.1
2023121001_595_52607,Jordan Fuller,SINGLE_HIGH,-24.83,Low,15,73.11,44.67,106.0,26.42,3.1
2023121001_595_52607,Jordan Fuller,SINGLE_HIGH,-24.83,Low,16,73.18,45.27,106.0,26.42,3.1
2023121001_595_52607,Jordan Fuller,SINGLE_HIGH,-24.83,Low,17,73.28,45.85,106.0,26.42,3.1
2023121001_595_52607,Jordan Fuller,SINGLE_HIGH,-24.83,Low,18,73.4,46.4,106.0,26.42,3.1
2023121001_595_52607,Jordan Fuller,SINGLE_HIGH,-24.83,Low,19,73.54,46.95,106.0,26.42,3.1
2023121001_595_52607,Jordan Fuller,SINGLE_HIGH,-24.83,Low,20,73.69,47.47,106.0,26.42,3.1
2023121001_595_52607,Jordan Fuller,SINGLE_HIGH,-24.83,Low,21,73.86,47.98,106.0,26.42,3.1
2023121001_595_52607,Jordan Fuller,SINGLE_HIGH,-24.83,Low,22,74.04,48.47,106.0,26.42,3.1
2023121001_595_52607,Jordan Fuller,SINGLE_HIGH,-24.83,Low,23,74.22,48.95,106.0,26.42,3.1
2023121001_595_52607,Jordan Fuller,SINGLE_HIGH,-24.83,Low,24,74.41,49.43,106.0,26.42,3.1
2023121001_595_52607,Jordan Fuller,SINGLE_HIGH,-24.83,Low,25,74.6,49.88,106.0,26.42,3.1
2023121001_595_52607,Jordan Fuller,SINGLE_HIGH,-24.83,Low,26,74.8,50.33,106.0,26.42,3.1
2023121001_595_52607,Jordan Fuller,SINGLE_HIGH,-24.83,Low,27,75.0,50.75,106.0,26.42,3.1
2023121001_595_52607,Jordan Fuller,SINGLE_HIGH,-24.83,Low,28,75.21,51.15,106.0,26.42,3.1
2023121001_595_52607,Jordan Fuller,SINGLE_HIGH,-24.83,Low,29,75.43,51.51,106.0,26.42,3.1
2023121001_595_52607,Jordan Fuller,SINGLE_HIGH,-24.83,Low,30,75.64,51.86,106.0,26.42,3.1
2023121001_595_52607,Jordan Fuller,SINGLE_HIGH,-24.83,Low,31,75.86,52.18,106.0,26.42,3.1
2023102200_2671_52627,Geno Stone,SINGLE_HIGH,-11.25,Low,1,71.69,27.94,71.48,46.95,1.7
2023102200_2671_52627,Geno Stone,SINGLE_HIGH,-11.25,Low,2,71.86,27.42,71.48,46.95,1.7
2023102200_2671_52627,Geno Stone,SINGLE_HIGH,-11.25,Low,3,72.03,26.9,71.48,46.95,1.7
2023102200_2671_52627,Geno Stone,SINGLE_HIGH,-11.25,Low,4,72.21,26.38,71.48,46.95,1.7
2023102200_2671_52627,Geno Stone,SINGLE_HIGH,-11.25,Low,5,72.41,25.88,71.48,46.95,1.7
2023102200_2671_52627,Geno Stone,SINGLE_HIGH,-11.25,Low,6,72.62,25.4,71.48,46.95,1.7
2023102200_2671_52627,Geno Stone,SINGLE_HIGH,-11.25,Low,7,72.86,24.95,71.48,46.95,1.7
2023102200_2671_52627,Geno Stone,SINGLE_HIGH,-11.25,Low,8,73.12,24.54,71.48,46.95,1.7
2023102200_2671_52627,Geno Stone,SINGLE_HIGH,-11.25,Low,9,73.4,24.16,71.48,46.95,1.7
2023102200_2671_52627,Geno Stone,SINGLE_HIGH,-11.25,Low,10,73.71,23.81,71.48,46.95,1.7
2023102200_2671_52627,Geno Stone,SINGLE_HIGH,-11.25,Low,11,74.02,23.52,71.48,46.95,1.7
2023102200_2671_52627,Geno Stone,SINGLE_HIGH,-11.25,Low,12,74.33,23.27,71.48,46.95,1.7
2023102200_2671_52627,Geno Stone,SINGLE_HIGH,-11.25,Low,13,74.64,23.08,71.48,46.95,1.7
2023102200_2671_52627,Geno Stone,SINGLE_HIGH,-11.25,Low,14,74.95,22.92,71.48,46.95,1.7
2023102200_2671_52627,Geno Stone,SINGLE_HIGH,-11.25,Low,15,75.26,22.81,71.48,46.95,1.7
2023102200_2671_52627,Geno Stone,SINGLE_HIGH,-11.25,Low,16,75.56,22.74,71.48,46.95,1.7
2023102200_2671_52627,Geno Stone,SINGLE_HIGH,-11.25,Low,17,75.86,22.71,71.48,46.95,1.7
2023110600_2247_52594,Alohi Gilman,SPLIT_DEEP,-8.73,Low,1,44.45,29.4,55.19,49.36,2.4
2023110600_2247_52594,Alohi Gilman,SPLIT_DEEP,-8.73,Low,2,44.52,29.4,55.19,49.36,2.4
2023110600_2247_52594,Alohi Gilman,SPLIT_DEEP,-8.73,Low,3,44.65,29.39,55.19,49.36,2.4
2023110600_2247_52594,Alohi Gilman,SPLIT_DEEP,-8.73,Low,4,44.84,29.37,55.19,49.36,2.4
2023110600_2247_52594,Alohi Gilman,SPLIT_DEEP,-8.73,Low,5,45.08,29.34,55.19,49.36,2.4
2023110600_2247_52594,Alohi Gilman,SPLIT_DEEP,-8.73,Low,6,45.38,29.29,55.19,49.36,2.4
2023110600_2247_52594,Alohi Gilman,SPLIT_DEEP,-8.73,Low,7,45.72,29.24,55.19,49.36,2.4
2023110600_2247_52594,Alohi Gilman,SPLIT_DEEP,-8.73,Low,8,46.09,29.2,55.19,49.36,2.4
2023110600_2247_52594,Alohi Gilman,SPLIT_DEEP,-8.73,Low,9,46.5,29.16,55.19,49.36,2.4
2023110600_2247_52594,Alohi Gilman,SPLIT_DEEP,-8.73,Low,10,46.92,29.14,55.19,49.36,2.4
2023110600_2247_52594,Alohi Gilman,SPLIT_DEEP,-8.73,Low,11,47.36,29.14,55.19,49.36,2.4
2023110600_2247_52594,Alohi Gilman,SPLIT_DEEP,-8.73,Low,12,47.82,29.17,55.19,49.36,2.4
2023110600_2247_52594,Alohi Gilman,SPLIT_DEEP,-8.73,Low,13,48.29,29.24,55.19,49.36,2.4
2023110600_2247_52594,Alohi Gilman,SPLIT_DEEP,-8.73,Low,14,48.76,29.34,55.19,49.36,2.4
2023110600_2247_52594,Alohi Gilman,SPLIT_DEEP,-8.73,Low,15,49.24,29.5,55.19,49.36,2.4
2023110600_2247_52594,Alohi Gilman,SPLIT_DEEP,-8.73,Low,16,49.73,29.71,55.19,49.36,2.4
2023110600_2247_52594,Alohi Gilman,SPLIT_DEEP,-8.73,Low,17,50.22,29.97,55.19,49.36,2.4
2023110600_2247_52594,Alohi Gilman,SPLIT_DEEP,-8.73,Low,18,50.72,30.27,55.19,49.36,2.4
2023110600_2247_52594,Alohi Gilman,SPLIT_DEEP,-8.73,Low,19,51.2,30.62,55.19,49.36,2.4
2023110600_2247_52594,Alohi Gilman,SPLIT_DEEP,-8.73,Low,20,51.68,31.0,55.19,49.36,2.4
2023110600_2247_52594,Alohi Gilman,SPLIT_DEEP,-8.73,Low,21,52.14,31.42,55.19,49.36,2.4
2023110600_2247_52594,Alohi Gilman,SPLIT_DEEP,-8.73,Low,22,52.6,31.86,55.19,49.36,2.4
2023110600_2247_52594,Alohi Gilman,SPLIT_DEEP,-8.73,Low,23,53.03,32.32,55.19,49.36,2.4
2023110600_2247_52594,Alohi Gilman,SPLIT_DEEP,-8.73,Low,24,53.46,32.79,55.19,49.36,2.4
2023123112_2276_46086,Derwin James,SPLIT_DEEP,-7.32,Low,1,62.06,20.59,54.4,14.12,1.4
2023123112_2276_46086,Derwin James,SPLIT_DEEP,-7.32,Low,2,62.77,20.36,54.4,14.12,1.4
2023123112_2276_46086,Derwin James,SPLIT_DEEP,-7.32,Low,3,63.46,20.12,54.4,14.12,1.4
2023123112_2276_46086,Derwin James,SPLIT_DEEP,-7.32,Low,4,64.14,19.85,54.4,14.12,1.4
2023123112_2276_46086,Derwin James,SPLIT_DEEP,-7.32,Low,5,64.8,19.55,54.4,14.12,1.4
2023123112_2276_46086,Derwin James,SPLIT_DEEP,-7.32,Low,6,65.43,19.21,54.4,14.12,1.4
2023123112_2276_46086,Derwin James,SPLIT_DEEP,-7.32,Low,7,66.03,18.85,54.4,14.12,1.4
2023123112_2276_46086,Derwin James,SPLIT_DEEP,-7.32,Low,8,66.58,18.45,54.4,14.12,1.4
2023123112_2276_46086,Derwin James,SPLIT_DEEP,-7.32,Low,9,67.08,18.02,54.4,14.12,1.4
2023123112_2276_46086,Derwin James,SPLIT_DEEP,-7.32,Low,10,67.52,17.56,54.4,14.12,1.4
2023123112_2276_46086,Derwin James,SPLIT_DEEP,-7.32,Low,11,67.9,17.08,54.4,14.12,1.4
2023123112_2276_46086,Derwin James,SPLIT_DEEP,-7.32,Low,12,68.2,16.59,54.4,14.12,1.4
2023123112_2276_46086,Derwin James,SPLIT_DEEP,-7.32,Low,13,68.44,16.08,54.4,14.12,1.4
2023123112_2276_46086,Derwin James,SPLIT_DEEP,-7.32,Low,14,68.62,15.57,54.4,14.12,1.4
2023092400_2711_52627,Geno Stone,SPLIT_DEEP,-6.24,Low,1,53.97,46.36,61.16,53.08,1.8
2023092400_2711_52627,Geno Stone,SPLIT_DEEP,-6.24,Low,2,53.69,46.59,61.16,53.08,1.8
2023092400_2711_52627,Geno Stone,SPLIT_DEEP,-6.24,Low,3,53.37,46.81,61.16,53.08,1.8
2023092400_2711_52627,Geno Stone,SPLIT_DEEP,-6.24,Low,4,53.03,47.03,61.16,53.08,1.8
2023092400_2711_52627,Geno Stone,SPLIT_DEEP,-6.24,Low,5,52.68,47.27,61.16,53.08,1.8
2023092400_2711_52627,Geno Stone,SPLIT_DEEP,-6.24,Low,6,52.33,47.5,61.16,53.08,1.8
2023092400_2711_52627,Geno Stone,SPLIT_DEEP,-6.24,Low,7,51.99,47.72,61.16,53.08,1.8
2023092400_2711_52627,Geno Stone,SPLIT_DEEP,-6.24,Low,8,51.69,47.94,61.16,53.08,1.8
2023092400_2711_52627,Geno Stone,SPLIT_DEEP,-6.24,Low,9,51.42,48.16,61.16,53.08,1.8
2023092400_2711_52627,Geno Stone,SPLIT_DEEP,-6.24,Low,10,51.19,48.38,61.16,53.08,1.8
2023092400_2711_52627,Geno Stone,SPLIT_DEEP,-6.24,Low,11,51.01,48.59,61.16,53.08,1.8
2023092400_2711_52627,Geno Stone,SPLIT_DEEP,-6.24,Low,12,50.88,48.79,61.16,53.08,1.8
2023092400_2711_52627,Geno Stone,SPLIT_DEEP,-6.24,Low,13,50.79,48.97,61.16,53.08,1.8
2023092400_2711_52627,Geno Stone,SPLIT_DEEP,-6.24,Low,14,50.74,49.11,61.16,53.08,1.8
2023092400_2711_52627,Geno Stone,SPLIT_DEEP,-6.24,Low,15,50.72,49.25,61.16,53.08,1.8
2023092400_2711_52627,Geno Stone,SPLIT_DEEP,-6.24,Low,16,50.73,49.36,61.16,53.08,1.8
2023092400_2711_52627,Geno Stone,SPLIT_DEEP,-6.24,Low,17,50.72,49.46,61.16,53.08,1.8
2023092400_2711_52627,Geno Stone,SPLIT_DEEP,-6.24,Low,18,50.72,49.57,61.16,53.08,1.8
2023111903_1728_52594,Alohi Gilman,SPLIT_DEEP,-5.84,Low,1,47.72,39.23,53.09,27.47,1.1
2023111903_1728_52594,Alohi Gilman,SPLIT_DEEP,-5.84,Low,2,47.47,39.73,53.09,27.47,1.1
2023111903_1728_52594,Alohi Gilman,SPLIT_DEEP,-5.84,Low,3,47.24,40.22,53.09,27.47,1.1
2023111903_1728_52594,Alohi Gilman,SPLIT_DEEP,-5.84,Low,4,47.05,40.68,53.09,27.47,1.1
2023111903_1728_52594,Alohi Gilman,SPLIT_DEEP,-5.84,Low,5,46.89,41.12,53.09,27.47,1.1
2023111903_1728_52594,Alohi Gilman,SPLIT_DEEP,-5.84,Low,6,46.77,41.52,53.09,27.47,1.1
2023111903_1728_52594,Alohi Gilman,SPLIT_DEEP,-5.84,Low,7,46.68,41.88,53.09,27.47,1.1
2023111903_1728_52594,Alohi Gilman,SPLIT_DEEP,-5.84,Low,8,46.64,42.2,53.09,27.47,1.1
2023111903_1728_52594,Alohi Gilman,SPLIT_DEEP,-5.84,Low,9,46.64,42.47,53.09,27.47,1.1
2023111903_1728_52594,Alohi Gilman,SPLIT_DEEP,-5.84,Low,10,46.68,42.68,53.09,27.47,1.1
2023111903_1728_52594,Alohi Gilman,SPLIT_DEEP,-5.84,Low,11,46.77,42.84,53.09,27.47,1.1
2023112603_3222_54704,Rodney Thomas,SPLIT_DEEP,-5.18,Low,1,92.47,20.57,84.19,4.48,1.6
2023112603_3222_54704,Rodney Thomas,SPLIT_DEEP,-5.18,Low,2,92.75,20.52,84.19,4.48,1.6
2023112603_3222_54704,Rodney Thomas,SPLIT_DEEP,-5.18,Low,3,93.01,20.49,84.19,4.48,1.6
2023112603_3222_54704,Rodney Thomas,SPLIT_DEEP,-5.18,Low,4,93.25,20.48,84.19,4.48,1.6
2023112603_3222_54704,Rodney Thomas,SPLIT_DEEP,-5.18,Low,5,93.46,20.51,84.19,4.48,1.6
2023112603_3222_54704,Rodney Thomas,SPLIT_DEEP,-5.18,Low,6,93.65,20.56,84.19,4.48,1.6
2023112603_3222_54704,Rodney Thomas,SPLIT_DEEP,-5.18,Low,7,93.82,20.61,84.19,4.48,1.6
2023112603_3222_54704,Rodney Thomas,SPLIT_DEEP,-5.18,Low,8,93.96,20.67,84.19,4.48,1.6
2023112603_3222_54704,Rodney Thomas,SPLIT_DEEP,-5.18,Low,9,94.08,20.74,84.19,4.48,1.6
2023112603_3222_54704,Rodney Thomas,SPLIT_DEEP,-5.18,Low,10,94.17,20.81,84.19,4.48,1.6
2023112603_3222_54704,Rodney Thomas,SPLIT_DEEP,-5.18,Low,11,94.25,20.86,84.19,4.48,1.6
2023112603_3222_54704,Rodney Thomas,SPLIT_DEEP,-5.18,Low,12,94.32,20.9,84.19,4.48,1.6
2023112603_3222_54704,Rodney Thomas,SPLIT_DEEP,-5.18,Low,13,94.38,20.91,84.19,4.48,1.6
2023112603_3222_54704,Rodney Thomas,SPLIT_DEEP,-5.18,Low,14,94.44,20.91,84.19,4.48,1.6
2023112603_3222_54704,Rodney Thomas,SPLIT_DEEP,-5.18,Low,15,94.49,20.88,84.19,4.48,1.6
2023112603_3222_54704,Rodney Thomas,SPLIT_DEEP,-5.18,Low,16,94.55,20.83,84.19,4.48,1.6
2023121001_3713_52607,Jordan Fuller,SPLIT_DEEP,-4.81,Low,1,52.81,21.32,47.52,14.79,1.0
2023121001_3713_52607,Jordan Fuller,SPLIT_DEEP,-4.81,Low,2,53.28,21.3,47.52,14.79,1.0
2023121001_3713_52607,Jordan Fuller,SPLIT_DEEP,-4.81,Low,3,53.79,21.23,47.52,14.79,1.0
2023121001_3713_52607,Jordan Fuller,SPLIT_DEEP,-4.81,Low,4,54.32,21.11,47.52,14.79,1.0
2023121001_3713_52607,Jordan Fuller,SPLIT_DEEP,-4.81,Low,5,54.88,20.92,47.52,14.79,1.0
2023121001_3713_52607,Jordan Fuller,SPLIT_DEEP,-4.81,Low,6,55.46,20.68,47.52,14.79,1.0
2023121001_3713_52607,Jordan Fuller,SPLIT_DEEP,-4.81,Low,7,56.06,20.41,47.52,14.79,1.0
2023121001_3713_52607,Jordan Fuller,SPLIT_DEEP,-4.81,Low,8,56.67,20.09,47.52,14.79,1.0
2023121001_3713_52607,Jordan Fuller,SPLIT_DEEP,-4.81,Low,9,57.28,19.73,47.52,14.79,1.0
2023121001_3713_52607,Jordan Fuller,SPLIT_DEEP,-4.81,Low,10,57.91,19.35,47.52,14.79,1.0
2023102900_1650_54502,Jalen Pitre,SINGLE_HIGH,-4.33,Low,1,98.07,24.27,88.27,24.21,1.1
2023102900_1650_54502,Jalen Pitre,SINGLE_HIGH,-4.33,Low,2,98.54,24.3,88.27,24.21,1.1
2023102900_1650_54502,Jalen Pitre,SINGLE_HIGH,-4.33,Low,3,98.98,24.29,88.27,24.21,1.1
2023102900_1650_54502,Jalen Pitre,SINGLE_HIGH,-4.33,Low,4,99.39,24.23,88.27,24.21,1.1
2023102900_1650_54502,Jalen Pitre,SINGLE_HIGH,-4.33,Low,5,99.76,24.14,88.27,24.21,1.1
2023102900_1650_54502,Jalen Pitre,SINGLE_HIGH,-4.33,Low,6,100.08,24.01,88.27,24.21,1.1
2023102900_1650_54502,Jalen Pitre,SINGLE_HIGH,-4.33,Low,7,100.33,23.83,88.27,24.21,1.1
2023102900_1650_54502,Jalen Pitre,SINGLE_HIGH,-4.33,Low,8,100.53,23.6,88.27,24.21,1.1
2023102900_1650_54502,Jalen Pitre,SINGLE_HIGH,-4.33,Low,9,100.67,23.33,88.27,24.21,1.1
2023102900_1650_54502,Jalen Pitre,SINGLE_HIGH,-4.33,Low,10,100.74,23.03,88.27,24.21,1.1
2023102900_1650_54502,Jalen Pitre,SINGLE_HIGH,-4.33,Low,11,100.76,22.7,88.27,24.21,1.1
2023122100_3321_52607,Jordan Fuller,SPLIT_DEEP,-3.94,Low,1,54.94,13.6,49.11,21.3,0.9
2023122100_3321_52607,Jordan Fuller,SPLIT_DEEP,-3.94,Low,2,54.7,13.2,49.11,21.3,0.9
2023122100_3321_52607,Jordan Fuller,SPLIT_DEEP,-3.94,Low,3,54.44,12.79,49.11,21.3,0.9
2023122100_3321_52607,Jordan Fuller,SPLIT_DEEP,-3.94,Low,4,54.16,12.36,49.11,21.3,0.9
2023122100_3321_52607,Jordan Fuller,SPLIT_DEEP,-3.94,Low,5,53.86,11.93,49.11,21.3,0.9
2023122100_3321_52607,Jordan Fuller,SPLIT_DEEP,-3.94,Low,6,53.54,11.5,49.11,21.3,0.9
2023122100_3321_52607,Jordan Fuller,SPLIT_DEEP,-3.94,Low,7,53.21,11.08,49.11,21.3,0.9
2023122100_3321_52607,Jordan Fuller,SPLIT_DEEP,-3.94,Low,8,52.86,10.68,49.11,21.3,0.9
2023122100_3321_52607,Jordan Fuller,SPLIT_DEEP,-3.94,Low,9,52.52,10.29,49.11,21.3,0.9
2023121602_1948_43387,Justin Simmons,SINGLE_HIGH,-3.63,Low,1,110.41,21.23,101.28,21.7,0.8
2023121602_1948_43387,Justin Simmons,SINGLE_HIGH,-3.63,Low,2,110.71,21.12,101.28,21.7,0.8
2023121602_1948_43387,Justin Simmons,SINGLE_HIGH,-3.63,Low,3,110.98,20.99,101.28,21.7,0.8
2023121602_1948_43387,Justin Simmons,SINGLE_HIGH,-3.63,Low,4,111.23,20.87,101.28,21.7,0.8
2023121602_1948_43387,Justin Simmons,SINGLE_HIGH,-3.63,Low,5,111.46,20.77,101.28,21.7,0.8
2023121602_1948_43387,Justin Simmons,SINGLE_HIGH,-3.63,Low,6,111.65,20.7,101.28,21.7,0.8
2023121602_1948_43387,Justin Simmons,SINGLE_HIGH,-3.63,Low,7,111.81,20.67,101.28,21.7,0.8
2023121602_1948_43387,Justin Simmons,SINGLE_HIGH,-3.63,Low,8,111.93,20.68,101.28,21.7,0.8
2023091000_3078_46123,Jessie Bates,SINGLE_HIGH,-3.36,Low,1,74.59,25.19,87.06,3.03,2.7
2023091000_3078_46123,Jessie Bates,SINGLE_HIGH,-3.36,Low,2,75.16,25.15,87.06,3.03,2.7
2023091000_3078_46123,Jessie Bates,SINGLE_HIGH,-3.36,Low,3,75.75,25.08,87.06,3.03,2.7
2023091000_3078_46123,Jessie Bates,SINGLE_HIGH,-3.36,Low,4,76.35,24.95,87.06,3.03,2.7
2023091000_3078_46123,Jessie Bates,SINGLE_HIGH,-3.36,Low,5,76.96,24.78,87.06,3.03,2.7
2023091000_3078_46123,Jessie Bates,SINGLE_HIGH,-3.36,Low,6,77.58,24.56,87.06,3.03,2.7
2023091000_3078_46123,Jessie Bates,SINGLE_HIGH,-3.36,Low,7,78.21,24.29,87.06,3.03,2.7
2023091000_3078_46123,Jessie Bates,SINGLE_HIGH,-3.36,Low,8,78.85,23.97,87.06,3.03,2.7
2023091000_3078_46123,Jessie Bates,SINGLE_HIGH,-3.36,Low,9,79.49,23.62,87.06,3.03,2.7
2023091000_3078_46123,Jessie Bates,SINGLE_HIGH,-3.36,Low,10,80.13,23.23,87.06,3.03,2.7
2023091000_3078_46123,Jessie Bates,SINGLE_HIGH,-3.36,Low,11,80.77,22.8,87.06,3.03,2.7
2023091000_3078_46123,Jessie Bates,SINGLE_HIGH,-3.36,Low,12,81.39,22.34,87.06,3.03,2.7
2023091000_3078_46123,Jessie Bates,SINGLE_HIGH,-3.36,Low,13,82.01,21.84,87.06,3.03,2.7
2023091000_3078_46123,Jessie Bates,SINGLE_HIGH,-3.36,Low,14,82.62,21.32,87.06,3.03,2.7
2023091000_3078_46123,Jessie Bates,SINGLE_HIGH,-3.36,Low,15,83.2,20.76,87.06,3.03,2.7
2023091000_3078_46123,Jessie Bates,SINGLE_HIGH,-3.36,Low,16,83.78,20.18,87.06,3.03,2.7
2023091000_3078_46123,Jessie Bates,SINGLE_HIGH,-3.36,Low,17,84.34,19.58,87.06,3.03,2.7
2023091000_3078_46123,Jessie Bates,SINGLE_HIGH,-3.36,Low,18,84.88,18.97,87.06,3.03,2.7
2023091000_3078_46123,Jessie Bates,SINGLE_HIGH,-3.36,Low,19,85.41,18.33,87.06,3.03,2.7
2023091000_3078_46123,Jessie Bates,SINGLE_HIGH,-3.36,Low,20,85.93,17.69,87.06,3.03,2.7
2023091000_3078_46123,Jessie Bates,SINGLE_HIGH,-3.36,Low,21,86.43,17.03,87.06,3.03,2.7
2023091000_3078_46123,Jessie Bates,SINGLE_HIGH,-3.36,Low,22,86.92,16.37,87.06,3.03,2.7
2023091000_3078_46123,Jessie Bates,SINGLE_HIGH,-3.36,Low,23,87.41,15.69,87.06,3.03,2.7
2023091000_3078_46123,Jessie Bates,SINGLE_HIGH,-3.36,Low,24,87.89,15.02,87.06,3.03,2.7
2023091000_3078_46123,Jessie Bates,SINGLE_HIGH,-3.36,Low,25,88.35,14.35,87.06,3.03,2.7
2023091000_3078_46123,Jessie Bates,SINGLE_HIGH,-3.36,Low,26,88.82,13.68,87.06,3.03,2.7
2023091000_3078_46123,Jessie Bates,SINGLE_HIGH,-3.36,Low,27,89.29,13.01,87.06,3.03,2.7
2023100811_2513_44827,Malik Hooker,SINGLE_HIGH,-3.01,Low,1,47.69,19.49,47.13,32.15,1.2
2023100811_2513_44827,Malik Hooker,SINGLE_HIGH,-3.01,Low,2,48.03,19.21,47.13,32.15,1.2
2023100811_2513_44827,Malik Hooker,SINGLE_HIGH,-3.01,Low,3,48.39,18.97,47.13,32.15,1.2
2023100811_2513_44827,Malik Hooker,SINGLE_HIGH,-3.01,Low,4,48.78,18.8,47.13,32.15,1.2
2023100811_2513_44827,Malik Hooker,SINGLE_HIGH,-3.01,Low,5,49.19,18.67,47.13,32.15,1.2
2023100811_2513_44827,Malik Hooker,SINGLE_HIGH,-3.01,Low,6,49.61,18.59,47.13,32.15,1.2
2023100811_2513_44827,Malik Hooker,SINGLE_HIGH,-3.01,Low,7,50.04,18.57,47.13,32.15,1.2
2023100811_2513_44827,Malik Hooker,SINGLE_HIGH,-3.01,Low,8,50.49,18.6,47.13,32.15,1.2
2023100811_2513_44827,Malik Hooker,SINGLE_HIGH,-3.01,Low,9,50.93,18.69,47.13,32.15,1.2
2023100811_2513_44827,Malik Hooker,SINGLE_HIGH,-3.01,Low,10,51.37,18.82,47.13,32.15,1.2
2023100811_2513_44827,Malik Hooker,SINGLE_HIGH,-3.01,Low,11,51.8,19.01,47.13,32.15,1.2
2023100811_2513_44827,Malik Hooker,SINGLE_HIGH,-3.01,Low,12,52.21,19.25,47.13,32.15,1.2
2023110502_3507_42543,Quandre Diggs,SINGLE_HIGH,-2.62,Low,1,108.0,19.08,105.36,2.11,1.8
2023110502_3507_42543,Quandre Diggs,SINGLE_HIGH,-2.62,Low,2,108.35,18.78,105.36,2.11,1.8
2023110502_3507_42543,Quandre Diggs,SINGLE_HIGH,-2.62,Low,3,108.7,18.47,105.36,2.11,1.8
2023110502_3507_42543,Quandre Diggs,SINGLE_HIGH,-2.62,Low,4,109.06,18.15,105.36,2.11,1.8
2023110502_3507_42543,Quandre Diggs,SINGLE_HIGH,-2.62,Low,5,109.41,17.83,105.36,2.11,1.8
2023110502_3507_42543,Quandre Diggs,SINGLE_HIGH,-2.62,Low,6,109.73,17.49,105.36,2.11,1.8
2023110502_3507_42543,Quandre Diggs,SINGLE_HIGH,-2.62,Low,7,110.05,17.14,105.36,2.11,1.8
2023110502_3507_42543,Quandre Diggs,SINGLE_HIGH,-2.62,Low,8,110.35,16.78,105.36,2.11,1.8
2023110502_3507_42543,Quandre Diggs,SINGLE_HIGH,-2.62,Low,9,110.63,16.4,105.36,2.11,1.8
2023110502_3507_42543,Quandre Diggs,SINGLE_HIGH,-2.62,Low,10,110.88,16.0,105.36,2.11,1.8
2023110502_3507_42543,Quandre Diggs,SINGLE_HIGH,-2.62,Low,11,111.11,15.6,105.36,2.11,1.8
2023110502_3507_42543,Quandre Diggs,SINGLE_HIGH,-2.62,Low,12,111.3,15.18,105.36,2.11,1.8
2023110502_3507_42543,Quandre Diggs,SINGLE_HIGH,-2.62,Low,13,111.46,14.75,105.36,2.11,1.8
2023110502_3507_42543,Quandre Diggs,SINGLE_HIGH,-2.62,Low,14,111.58,14.31,105.36,2.11,1.8
2023110502_3507_42543,Quandre Diggs,SINGLE_HIGH,-2.62,Low,15,111.67,13.87,105.36,2.11,1.8
2023110502_3507_42543,Quandre Diggs,SINGLE_HIGH,-2.62,Low,16,111.74,13.44,105.36,2.11,1.8
2023110502_3507_42543,Quandre Diggs,SINGLE_HIGH,-2.62,Low,17,111.78,13.01,105.36,2.11,1.8
2023110502_3507_42543,Quandre Diggs,SINGLE_HIGH,-2.62,Low,18,111.8,12.61,105.36,2.11,1.8
2023100107_4204_52453,Antoine Winfield Jr.,SINGLE_HIGH,-2.45,Low,1,60.02,30.81,51.15,28.17,1.2
2023100107_4204_52453,Antoine Winfield Jr.,SINGLE_HIGH,-2.45,Low,2,60.45,30.69,51.15,28.17,1.2
2023100107_4204_52453,Antoine Winfield Jr.,SINGLE_HIGH,-2.45,Low,3,60.85,30.6,51.15,28.17,1.2
2023100107_4204_52453,Antoine Winfield Jr.,SINGLE_HIGH,-2.45,Low,4,61.21,30.51,51.15,28.17,1.2
2023100107_4204_52453,Antoine Winfield Jr.,SINGLE_HIGH,-2.45,Low,5,61.53,30.44,51.15,28.17,1.2
2023100107_4204_52453,Antoine Winfield Jr.,SINGLE_HIGH,-2.45,Low,6,61.77,30.39,51.15,28.17,1.2
2023100107_4204_52453,Antoine Winfield Jr.,SINGLE_HIGH,-2.45,Low,7,61.93,30.35,51.15,28.17,1.2
2023100107_4204_52453,Antoine Winfield Jr.,SINGLE_HIGH,-2.45,Low,8,62.01,30.34,51.15,28.17,1.2
2023100107_4204_52453,Antoine Winfield Jr.,SINGLE_HIGH,-2.45,Low,9,62.01,30.33,51.15,28.17,1.2
2023100107_4204_52453,Antoine Winfield Jr.,SINGLE_HIGH,-2.45,Low,10,61.93,30.34,51.15,28.17,1.2
2023100107_4204_52453,Antoine Winfield Jr.,SINGLE_HIGH,-2.45,Low,11,61.79,30.35,51.15,28.17,1.2
2023100107_4204_52453,Antoine Winfield Jr.,SINGLE_HIGH,-2.45,Low,12,61.59,30.36,51.15,28.17,1.2
2023091709_2391_54718,Russ Yeast,SPLIT_DEEP,-2.2,Low,1,40.43,30.99,51.38,32.25,1.5
2023091709_2391_54718,Russ Yeast,SPLIT_DEEP,-2.2,Low,2,40.43,31.05,51.38,32.25,1.5
2023091709_2391_54718,Russ Yeast,SPLIT_DEEP,-2.2,Low,3,40.42,31.1,51.38,32.25,1.5
2023091709_2391_54718,Russ Yeast,SPLIT_DEEP,-2.2,Low,4,40.43,31.13,51.38,32.25,1.5
2023091709_2391_54718,Russ Yeast,SPLIT_DEEP,-2.2,Low,5,40.46,31.15,51.38,32.25,1.5
2023091709_2391_54718,Russ Yeast,SPLIT_DEEP,-2.2,Low,6,40.52,31.16,51.38,32.25,1.5
2023091709_2391_54718,Russ Yeast,SPLIT_DEEP,-2.2,Low,7,40.6,31.16,51.38,32.25,1.5
2023091709_2391_54718,Russ Yeast,SPLIT_DEEP,-2.2,Low,8,40.72,31.15,51.38,32.25,1.5
2023091709_2391_54718,Russ Yeast,SPLIT_DEEP,-2.2,Low,9,40.86,31.13,51.38,32.25,1.5
2023091709_2391_54718,Russ Yeast,SPLIT_DEEP,-2.2,Low,10,41.05,31.1,51.38,32.25,1.5
2023091709_2391_54718,Russ Yeast,SPLIT_DEEP,-2.2,Low,11,41.27,31.07,51.38,32.25,1.5
2023091709_2391_54718,Russ Yeast,SPLIT_DEEP,-2.2,Low,12,41.53,31.03,51.38,32.25,1.5
2023091709_2391_54718,Russ Yeast,SPLIT_DEEP,-2.2,Low,13,41.83,30.98,51.38,32.25,1.5
2023091709_2391_54718,Russ Yeast,SPLIT_DEEP,-2.2,Low,14,42.15,30.92,51.38,32.25,1.5
2023091709_2391_54718,Russ Yeast,SPLIT_DEEP,-2.2,Low,15,42.5,30.86,51.38,32.25,1.5
2023101900_4336_44926,Rayshawn Jenkins,SPLIT_DEEP,-1.93,Low,1,52.76,20.12,45.35,27.33,1.0
2023101900_4336_44926,Rayshawn Jenkins,SPLIT_DEEP,-1.93,Low,2,53.05,20.08,45.35,27.33,1.0
2023101900_4336_44926,Rayshawn Jenkins,SPLIT_DEEP,-1.93,Low,3,53.33,20.06,45.35,27.33,1.0
2023101900_4336_44926,Rayshawn Jenkins,SPLIT_DEEP,-1.93,Low,4,53.59,20.09,45.35,27.33,1.0
2023101900_4336_44926,Rayshawn Jenkins,SPLIT_DEEP,-1.93,Low,5,53.82,20.17,45.35,27.33,1.0
2023101900_4336_44926,Rayshawn Jenkins,SPLIT_DEEP,-1.93,Low,6,54.02,20.3,45.35,27.33,1.0
2023101900_4336_44926,Rayshawn Jenkins,SPLIT_DEEP,-1.93,Low,7,54.17,20.48,45.35,27.33,1.0
2023101900_4336_44926,Rayshawn Jenkins,SPLIT_DEEP,-1.93,Low,8,54.29,20.72,45.35,27.33,1.0
2023101900_4336_44926,Rayshawn Jenkins,SPLIT_DEEP,-1.93,Low,9,54.35,21.02,45.35,27.33,1.0
2023101900_4336_44926,Rayshawn Jenkins,SPLIT_DEEP,-1.93,Low,10,54.38,21.35,45.35,27.33,1.0
2023101506_3156_44926,Rayshawn Jenkins,SPLIT_DEEP,-1.72,Low,1,48.73,22.45,52.6,31.65,1.5
2023101506_3156_44926,Rayshawn Jenkins,SPLIT_DEEP,-1.72,Low,2,48.63,22.43,52.6,31.65,1.5
2023101506_3156_44926,Rayshawn Jenkins,SPLIT_DEEP,-1.72,Low,3,48.52,22.42,52.6,31.65,1.5
2023101506_3156_44926,Rayshawn Jenkins,SPLIT_DEEP,-1.72,Low,4,48.41,22.47,52.6,31.65,1.5
2023101506_3156_44926,Rayshawn Jenkins,SPLIT_DEEP,-1.72,Low,5,48.3,22.54,52.6,31.65,1.5
2023101506_3156_44926,Rayshawn Jenkins,SPLIT_DEEP,-1.72,Low,6,48.2,22.66,52.6,31.65,1.5
2023101506_3156_44926,Rayshawn Jenkins,SPLIT_DEEP,-1.72,Low,7,48.1,22.85,52.6,31.65,1.5
2023101506_3156_44926,Rayshawn Jenkins,SPLIT_DEEP,-1.72,Low,8,48.01,23.07,52.6,31.65,1.5
2023101506_3156_44926,Rayshawn Jenkins,SPLIT_DEEP,-1.72,Low,9,47.93,23.34,52.6,31.65,1.5
2023101506_3156_44926,Rayshawn Jenkins,SPLIT_DEEP,-1.72,Low,10,47.86,23.65,52.6,31.65,1.5
2023101506_3156_44926,Rayshawn Jenkins,SPLIT_DEEP,-1.72,Low,11,47.81,23.98,52.6,31.65,1.5
2023101506_3156_44926,Rayshawn Jenkins,SPLIT_DEEP,-1.72,Low,12,47.79,24.35,52.6,31.65,1.5
2023101506_3156_44926,Rayshawn Jenkins,SPLIT_DEEP,-1.72,Low,13,47.82,24.73,52.6,31.65,1.5
2023101506_3156_44926,Rayshawn Jenkins,SPLIT_DEEP,-1.72,Low,14,47.89,25.12,52.6,31.65,1.5
2023101506_3156_44926,Rayshawn Jenkins,SPLIT_DEEP,-1.72,Low,15,47.99,25.5,52.6,31.65,1.5
2023101510_2985_52607,Jordan Fuller,SINGLE_HIGH,-1.53,Low,1,110.32,16.32,101.1,20.89,1.1
2023101510_2985_52607,Jordan Fuller,SINGLE_HIGH,-1.53,Low,2,110.44,16.1,101.1,20.89,1.1
2023101510_2985_52607,Jordan Fuller,SINGLE_HIGH,-1.53,Low,3,110.51,15.89,101.1,20.89,1.1
2023101510_2985_52607,Jordan Fuller,SINGLE_HIGH,-1.53,Low,4,110.56,15.7,101.1,20.89,1.1
2023101510_2985_52607,Jordan Fuller,SINGLE_HIGH,-1.53,Low,5,110.56,15.54,101.1,20.89,1.1
2023101510_2985_52607,Jordan Fuller,SINGLE_HIGH,-1.53,Low,6,110.5,15.41,101.1,20.89,1.1
2023101510_2985_52607,Jordan Fuller,SINGLE_HIGH,-1.53,Low,7,110.39,15.32,101.1,20.89,1.1
2023101510_2985_52607,Jordan Fuller,SINGLE_HIGH,-1.53,Low,8,110.22,15.26,101.1,20.89,1.1
2023101510_2985_52607,Jordan Fuller,SINGLE_HIGH,-1.53,Low,9,109.98,15.23,101.1,20.89,1.1
2023101510_2985_52607,Jordan Fuller,SINGLE_HIGH,-1.53,Low,10,109.68,15.24,101.1,20.89,1.1
2023101510_2985_52607,Jordan Fuller,SINGLE_HIGH,-1.53,Low,11,109.31,15.28,101.1,20.89,1.1
2023111907_2789_54578,Percy Butler,SINGLE_HIGH,-1.29,Low,1,71.7,22.57,83.18,-0.3,2.7
2023111907_2789_54578,Percy Butler,SINGLE_HIGH,-1.29,Low,2,72.16,22.53,83.18,-0.3,2.7
2023111907_2789_54578,Percy Butler,SINGLE_HIGH,-1.29,Low,3,72.62,22.45,83.18,-0.3,2.7
2023111907_2789_54578,Percy Butler,SINGLE_HIGH,-1.29,Low,4,73.08,22.34,83.18,-0.3,2.7
2023111907_2789_54578,Percy Butler,SINGLE_HIGH,-1.29,Low,5,73.54,22.21,83.18,-0.3,2.7
2023111907_2789_54578,Percy Butler,SINGLE_HIGH,-1.29,Low,6,74.0,22.04,83.18,-0.3,2.7
2023111907_2789_54578,Percy Butler,SINGLE_HIGH,-1.29,Low,7,74.45,21.84,83.18,-0.3,2.7
2023111907_2789_54578,Percy Butler,SINGLE_HIGH,-1.29,Low,8,74.91,21.62,83.18,-0.3,2.7
2023111907_2789_54578,Percy Butler,SINGLE_HIGH,-1.29,Low,9,75.38,21.37,83.18,-0.3,2.7
2023111907_2789_54578,Percy Butler,SINGLE_HIGH,-1.29,Low,10,75.86,21.09,83.18,-0.3,2.7
2023111907_2789_54578,Percy Butler,SINGLE_HIGH,-1.29,Low,11,76.37,20.78,83.18,-0.3,2.7
2023111907_2789_54578,Percy Butler,SINGLE_HIGH,-1.29,Low,12,76.88,20.44,83.18,-0.3,2.7
2023111907_2789_54578,Percy Butler,SINGLE_HIGH,-1.29,Low,13,77.41,20.07,83.18,-0.3,2.7
2023111907_2789_54578,Percy Butler,SINGLE_HIGH,-1.29,Low,14,77.94,19.68,83.18,-0.3,2.7
2023111907_2789_54578,Percy Butler,SINGLE_HIGH,-1.29,Low,15,78.48,19.25,83.18,-0.3,2.7
2023111907_2789_54578,Percy Butler,SINGLE_HIGH,-1.29,Low,16,79.01,18.8,83.18,-0.3,2.7
2023111907_2789_54578,Percy Butler,SINGLE_HIGH,-1.29,Low,17,79.54,18.32,83.18,-0.3,2.7
2023111907_2789_54578,Percy Butler,SINGLE_HIGH,-1.29,Low,18,80.06,17.83,83.18,-0.3,2.7
2023111907_2789_54578,Percy Butler,SINGLE_HIGH,-1.29,Low,19,80.56,17.31,83.18,-0.3,2.7
2023111907_2789_54578,Percy Butler,SINGLE_HIGH,-1.29,Low,20,81.03,16.77,83.18,-0.3,2.7
2023111907_2789_54578,Percy Butler,SINGLE_HIGH,-1.29,Low,21,81.48,16.2,83.18,-0.3,2.7
2023111907_2789_54578,Percy Butler,SINGLE_HIGH,-1.29,Low,22,81.9,15.62,83.18,-0.3,2.7
2023111907_2789_54578,Percy Butler,SINGLE_HIGH,-1.29,Low,23,82.29,15.02,83.18,-0.3,2.7
2023111907_2789_54578,Percy Butler,SINGLE_HIGH,-1.29,Low,24,82.65,14.4,83.18,-0.3,2.7
2023111907_2789_54578,Percy Butler,SINGLE_HIGH,-1.29,Low,25,82.99,13.77,83.18,-0.3,2.7
2023111907_2789_54578,Percy Butler,SINGLE_HIGH,-1.29,Low,26,83.29,13.13,83.18,-0.3,2.7
2023111907_2789_54578,Percy Butler,SINGLE_HIGH,-1.29,Low,27,83.56,12.49,83.18,-0.3,2.7
2023102204_2246_53604,Jason Pinnock,SPLIT_DEEP,-1.11,Low,1,47.26,32.94,41.57,51.13,2.0
2023102204_2246_53604,Jason Pinnock,SPLIT_DEEP,-1.11,Low,2,47.65,33.37,41.57,51.13,2.0
2023102204_2246_53604,Jason Pinnock,SPLIT_DEEP,-1.11,Low,3,48.03,33.84,41.57,51.13,2.0
2023102204_2246_53604,Jason Pinnock,SPLIT_DEEP,-1.11,Low,4,48.4,34.35,41.57,51.13,2.0
2023102204_2246_53604,Jason Pinnock,SPLIT_DEEP,-1.11,Low,5,48.74,34.9,41.57,51.13,2.0
2023102204_2246_53604,Jason Pinnock,SPLIT_DEEP,-1.11,Low,6,49.07,35.48,41.57,51.13,2.0
2023102204_2246_53604,Jason Pinnock,SPLIT_DEEP,-1.11,Low,7,49.38,36.09,41.57,51.13,2.0
2023102204_2246_53604,Jason Pinnock,SPLIT_DEEP,-1.11,Low,8,49.67,36.72,41.57,51.13,2.0
2023102204_2246_53604,Jason Pinnock,SPLIT_DEEP,-1.11,Low,9,49.94,37.36,41.57,51.13,2.0
2023102204_2246_53604,Jason Pinnock,SPLIT_DEEP,-1.11,Low,10,50.2,38.03,41.57,51.13,2.0
2023102204_2246_53604,Jason Pinnock,SPLIT_DEEP,-1.11,Low,11,50.43,38.69,41.57,51.13,2.0
2023102204_2246_53604,Jason Pinnock,SPLIT_DEEP,-1.11,Low,12,50.65,39.37,41.57,51.13,2.0
2023102204_2246_53604,Jason Pinnock,SPLIT_DEEP,-1.11,Low,13,50.87,40.04,41.57,51.13,2.0
2023102204_2246_53604,Jason Pinnock,SPLIT_DEEP,-1.11,Low,14,51.06,40.71,41.57,51.13,2.0
2023102204_2246_53604,Jason Pinnock,SPLIT_DEEP,-1.11,Low,15,51.24,41.38,41.57,51.13,2.0
2023102204_2246_53604,Jason Pinnock,SPLIT_DEEP,-1.11,Low,16,51.41,42.03,41.57,51.13,2.0
2023102204_2246_53604,Jason Pinnock,SPLIT_DEEP,-1.11,Low,17,51.56,42.68,41.57,51.13,2.0
2023102204_2246_53604,Jason Pinnock,SPLIT_DEEP,-1.11,Low,18,51.7,43.31,41.57,51.13,2.0
2023102204_2246_53604,Jason Pinnock,SPLIT_DEEP,-1.11,Low,19,51.83,43.93,41.57,51.13,2.0
2023102204_2246_53604,Jason Pinnock,SPLIT_DEEP,-1.11,Low,20,51.95,44.54,41.57,51.13,2.0
2023123112_1509_52594,Alohi Gilman,SINGLE_HIGH,-0.87,Average,1,80.44,21.0,69.27,17.48,1.0
2023123112_1509_52594,Alohi Gilman,SINGLE_HIGH,-0.87,Average,2,80.55,20.43,69.27,17.48,1.0
2023123112_1509_52594,Alohi Gilman,SINGLE_HIGH,-0.87,Average,3,80.62,19.85,69.27,17.48,1.0
2023123112_1509_52594,Alohi Gilman,SINGLE_HIGH,-0.87,Average,4,80.64,19.26,69.27,17.48,1.0
2023123112_1509_52594,Alohi Gilman,SINGLE_HIGH,-0.87,Average,5,80.59,18.68,69.27,17.48,1.0
2023123112_1509_52594,Alohi Gilman,SINGLE_HIGH,-0.87,Average,6,80.5,18.11,69.27,17.48,1.0
2023123112_1509_52594,Alohi Gilman,SINGLE_HIGH,-0.87,Average,7,80.34,17.55,69.27,17.48,1.0
2023123112_1509_52594,Alohi Gilman,SINGLE_HIGH,-0.87,Average,8,80.14,17.0,69.27,17.48,1.0
2023123112_1509_52594,Alohi Gilman,SINGLE_HIGH,-0.87,Average,9,79.89,16.46,69.27,17.48,1.0
2023123112_1509_52594,Alohi Gilman,SINGLE_HIGH,-0.87,Average,10,79.61,15.93,69.27,17.48,1.0
2023121801_3350_42543,Quandre Diggs,SINGLE_HIGH,-0.71,Average,1,49.6,24.48,41.06,21.63,0.9
2023121801_3350_42543,Quandre Diggs,SINGLE_HIGH,-0.71,Average,2,49.62,24.35,41.06,21.63,0.9
2023121801_3350_42543,Quandre Diggs,SINGLE_HIGH,-0.71,Average,3,49.61,24.23,41.06,21.63,0.9
2023121801_3350_42543,Quandre Diggs,SINGLE_HIGH,-0.71,Average,4,49.56,24.11,41.06,21.63,0.9
2023121801_3350_42543,Quandre Diggs,SINGLE_HIGH,-0.71,Average,5,49.49,24.01,41.06,21.63,0.9
2023121801_3350_42543,Quandre Diggs,SINGLE_HIGH,-0.71,Average,6,49.38,23.93,41.06,21.63,0.9
2023121801_3350_42543,Quandre Diggs,SINGLE_HIGH,-0.71,Average,7,49.21,23.88,41.06,21.63,0.9
2023121801_3350_42543,Quandre Diggs,SINGLE_HIGH,-0.71,Average,8,49.01,23.87,41.06,21.63,0.9
2023121801_3350_42543,Quandre Diggs,SINGLE_HIGH,-0.71,Average,9,48.78,23.91,41.06,21.63,0.9
2023110506_1092_54578,Percy Butler,SINGLE_HIGH,-0.48,Average,1,51.62,25.85,51.79,14.57,1.5
2023110506_1092_54578,Percy Butler,SINGLE_HIGH,-0.48,Average,2,52.07,25.7,51.79,14.57,1.5
2023110506_1092_54578,Percy Butler,SINGLE_HIGH,-0.48,Average,3,52.54,25.51,51.79,14.57,1.5
2023110506_1092_54578,Percy Butler,SINGLE_HIGH,-0.48,Average,4,53.0,25.28,51.79,14.57,1.5
2023110506_1092_54578,Percy Butler,SINGLE_HIGH,-0.48,Average,5,53.46,25.0,51.79,14.57,1.5
2023110506_1092_54578,Percy Butler,SINGLE_HIGH,-0.48,Average,6,53.91,24.69,51.79,14.57,1.5
2023110506_1092_54578,Percy Butler,SINGLE_HIGH,-0.48,Average,7,54.34,24.34,51.79,14.57,1.5
2023110506_1092_54578,Percy Butler,SINGLE_HIGH,-0.48,Average,8,54.77,23.95,51.79,14.57,1.5
2023110506_1092_54578,Percy Butler,SINGLE_HIGH,-0.48,Average,9,55.16,23.52,51.79,14.57,1.5
2023110506_1092_54578,Percy Butler,SINGLE_HIGH,-0.48,Average,10,55.51,23.04,51.79,14.57,1.5
2023110506_1092_54578,Percy Butler,SINGLE_HIGH,-0.48,Average,11,55.83,22.51,51.79,14.57,1.5
2023110506_1092_54578,Percy Butler,SINGLE_HIGH,-0.48,Average,12,56.11,21.94,51.79,14.57,1.5
2023110506_1092_54578,Percy Butler,SINGLE_HIGH,-0.48,Average,13,56.36,21.33,51.79,14.57,1.5
2023110506_1092_54578,Percy Butler,SINGLE_HIGH,-0.48,Average,14,56.57,20.7,51.79,14.57,1.5
2023110506_1092_54578,Percy Butler,SINGLE_HIGH,-0.48,Average,15,56.75,20.06,51.79,14.57,1.5
2023111206_1401_52453,Antoine Winfield Jr.,SINGLE_HIGH,-0.31,Average,1,52.22,35.66,44.67,37.64,0.8
2023111206_1401_52453,Antoine Winfield Jr.,SINGLE_HIGH,-0.31,Average,2,51.85,36.25,44.67,37.64,0.8
2023111206_1401_52453,Antoine Winfield Jr.,SINGLE_HIGH,-0.31,Average,3,51.46,36.83,44.67,37.64,0.8
2023111206_1401_52453,Antoine Winfield Jr.,SINGLE_HIGH,-0.31,Average,4,51.05,37.42,44.67,37.64,0.8
2023111206_1401_52453,Antoine Winfield Jr.,SINGLE_HIGH,-0.31,Average,5,50.64,37.98,44.67,37.64,0.8
2023111206_1401_52453,Antoine Winfield Jr.,SINGLE_HIGH,-0.31,Average,6,50.23,38.52,44.67,37.64,0.8
2023111206_1401_52453,Antoine Winfield Jr.,SINGLE_HIGH,-0.31,Average,7,49.8,39.03,44.67,37.64,0.8
2023111206_1401_52453,Antoine Winfield Jr.,SINGLE_HIGH,-0.31,Average,8,49.39,39.51,44.67,37.64,0.8
2023092408_2177_40107,Micah Hyde,SPLIT_DEEP,-0.11,Average,1,62.1,11.39,56.52,13.14,0.7
2023092408_2177_40107,Micah Hyde,SPLIT_DEEP,-0.11,Average,2,61.78,11.2,56.52,13.14,0.7
2023092408_2177_40107,Micah Hyde,SPLIT_DEEP,-0.11,Average,3,61.43,11.03,56.52,13.14,0.7
2023092408_2177_40107,Micah Hyde,SPLIT_DEEP,-0.11,Average,4,61.06,10.87,56.52,13.14,0.7
2023092408_2177_40107,Micah Hyde,SPLIT_DEEP,-0.11,Average,5,60.67,10.73,56.52,13.14,0.7
2023092408_2177_40107,Micah Hyde,SPLIT_DEEP,-0.11,Average,6,60.28,10.63,56.52,13.14,0.7
2023092408_2177_40107,Micah Hyde,SPLIT_DEEP,-0.11,Average,7,59.89,10.54,56.52,13.14,0.7
2023100111_318_44827,Malik Hooker,SINGLE_HIGH,0.01,Average,1,52.5,25.55,47.63,27.53,0.9
2023100111_318_44827,Malik Hooker,SINGLE_HIGH,0.01,Average,2,52.46,25.81,47.63,27.53,0.9
2023100111_318_44827,Malik Hooker,SINGLE_HIGH,0.01,Average,3,52.35,26.1,47.63,27.53,0.9
2023100111_318_44827,Malik Hooker,SINGLE_HIGH,0.01,Average,4,52.17,26.42,47.63,27.53,0.9
2023100111_318_44827,Malik Hooker,SINGLE_HIGH,0.01,Average,5,51.93,26.75,47.63,27.53,0.9
2023100111_318_44827,Malik Hooker,SINGLE_HIGH,0.01,Average,6,51.65,27.09,47.63,27.53,0.9
2023100111_318_44827,Malik Hooker,SINGLE_HIGH,0.01,Average,7,51.33,27.42,47.63,27.53,0.9
2023100111_318_44827,Malik Hooker,SINGLE_HIGH,0.01,Average,8,50.99,27.73,47.63,27.53,0.9
2023100111_318_44827,Malik Hooker,SINGLE_HIGH,0.01,Average,9,50.63,28.04,47.63,27.53,0.9
2023100200_1236_53604,Jason Pinnock,SINGLE_HIGH,0.16,Average,1,55.13,27.18,46.19,32.33,1.1
2023100200_1236_53604,Jason Pinnock,SINGLE_HIGH,0.16,Average,2,55.38,27.35,46.19,32.33,1.1
2023100200_1236_53604,Jason Pinnock,SINGLE_HIGH,0.16,Average,3,55.55,27.54,46.19,32.33,1.1
2023100200_1236_53604,Jason Pinnock,SINGLE_HIGH,0.16,Average,4,55.63,27.74,46.19,32.33,1.1
2023100200_1236_53604,Jason Pinnock,SINGLE_HIGH,0.16,Average,5,55.63,27.94,46.19,32.33,1.1
2023100200_1236_53604,Jason Pinnock,SINGLE_HIGH,0.16,Average,6,55.55,28.15,46.19,32.33,1.1
2023100200_1236_53604,Jason Pinnock,SINGLE_HIGH,0.16,Average,7,55.39,28.34,46.19,32.33,1.1
2023100200_1236_53604,Jason Pinnock,SINGLE_HIGH,0.16,Average,8,55.14,28.52,46.19,32.33,1.1
2023100200_1236_53604,Jason Pinnock,SINGLE_HIGH,0.16,Average,9,54.83,28.66,46.19,32.33,1.1
2023100200_1236_53604,Jason Pinnock,SINGLE_HIGH,0.16,Average,10,54.47,28.77,46.19,32.33,1.1
2023100200_1236_53604,Jason Pinnock,SINGLE_HIGH,0.16,Average,11,54.06,28.84,46.19,32.33,1.1
2023120309_3452_38868,Tashaun Gipson,SPLIT_DEEP,0.36,Average,1,97.31,31.73,86.12,27.78,1.1
2023120309_3452_38868,Tashaun Gipson,SPLIT_DEEP,0.36,Average,2,97.33,31.48,86.12,27.78,1.1
2023120309_3452_38868,Tashaun Gipson,SPLIT_DEEP,0.36,Average,3,97.31,31.23,86.12,27.78,1.1
2023120309_3452_38868,Tashaun Gipson,SPLIT_DEEP,0.36,Average,4,97.26,31.0,86.12,27.78,1.1
2023120309_3452_38868,Tashaun Gipson,SPLIT_DEEP,0.36,Average,5,97.16,30.78,86.12,27.78,1.1
2023120309_3452_38868,Tashaun Gipson,SPLIT_DEEP,0.36,Average,6,97.01,30.56,86.12,27.78,1.1
2023120309_3452_38868,Tashaun Gipson,SPLIT_DEEP,0.36,Average,7,96.79,30.36,86.12,27.78,1.1
2023120309_3452_38868,Tashaun Gipson,SPLIT_DEEP,0.36,Average,8,96.53,30.18,86.12,27.78,1.1
2023120309_3452_38868,Tashaun Gipson,SPLIT_DEEP,0.36,Average,9,96.22,30.01,86.12,27.78,1.1
2023120309_3452_38868,Tashaun Gipson,SPLIT_DEEP,0.36,Average,10,95.87,29.85,86.12,27.78,1.1
2023120309_3452_38868,Tashaun Gipson,SPLIT_DEEP,0.36,Average,11,95.48,29.71,86.12,27.78,1.1
2023100101_403_40107,Micah Hyde,SPLIT_DEEP,0.48,Average,1,100.28,35.27,90.18,38.5,1.2
2023100101_403_40107,Micah Hyde,SPLIT_DEEP,0.48,Average,2,100.37,35.78,90.18,38.5,1.2
2023100101_403_40107,Micah Hyde,SPLIT_DEEP,0.48,Average,3,100.41,36.32,90.18,38.5,1.2
2023100101_403_40107,Micah Hyde,SPLIT_DEEP,0.48,Average,4,100.41,36.86,90.18,38.5,1.2
2023100101_403_40107,Micah Hyde,SPLIT_DEEP,0.48,Average,5,100.35,37.42,90.18,38.5,1.2
2023100101_403_40107,Micah Hyde,SPLIT_DEEP,0.48,Average,6,100.23,37.98,90.18,38.5,1.2
2023100101_403_40107,Micah Hyde,SPLIT_DEEP,0.48,Average,7,100.05,38.53,90.18,38.5,1.2
2023100101_403_40107,Micah Hyde,SPLIT_DEEP,0.48,Average,8,99.83,39.07,90.18,38.5,1.2
2023100101_403_40107,Micah Hyde,SPLIT_DEEP,0.48,Average,9,99.55,39.59,90.18,38.5,1.2
2023100101_403_40107,Micah Hyde,SPLIT_DEEP,0.48,Average,10,99.22,40.09,90.18,38.5,1.2
2023100101_403_40107,Micah Hyde,SPLIT_DEEP,0.48,Average,11,98.85,40.57,90.18,38.5,1.2
2023100101_403_40107,Micah Hyde,SPLIT_DEEP,0.48,Average,12,98.41,41.01,90.18,38.5,1.2
2023121709_348_46123,Jessie Bates,SINGLE_HIGH,0.66,Average,1,79.78,27.65,73.92,31.21,0.7
2023121709_348_46123,Jessie Bates,SINGLE_HIGH,0.66,Average,2,79.46,27.78,73.92,31.21,0.7
2023121709_348_46123,Jessie Bates,SINGLE_HIGH,0.66,Average,3,79.12,27.92,73.92,31.21,0.7
2023121709_348_46123,Jessie Bates,SINGLE_HIGH,0.66,Average,4,78.76,28.09,73.92,31.21,0.7
2023121709_348_46123,Jessie Bates,SINGLE_HIGH,0.66,Average,5,78.39,28.27,73.92,31.21,0.7
2023121709_348_46123,Jessie Bates,SINGLE_HIGH,0.66,Average,6,78.0,28.46,73.92,31.21,0.7
2023121709_348_46123,Jessie Bates,SINGLE_HIGH,0.66,Average,7,77.6,28.65,73.92,31.21,0.7
2023091712_3951_46259,DeShon Elliott,SPLIT_DEEP,0.8,Average,1,66.92,35.51,69.68,32.79,1.4
2023091712_3951_46259,DeShon Elliott,SPLIT_DEEP,0.8,Average,2,67.11,35.62,69.68,32.79,1.4
2023091712_3951_46259,DeShon Elliott,SPLIT_DEEP,0.8,Average,3,67.3,35.75,69.68,32.79,1.4
2023091712_3951_46259,DeShon Elliott,SPLIT_DEEP,0.8,Average,4,67.5,35.9,69.68,32.79,1.4
2023091712_3951_46259,DeShon Elliott,SPLIT_DEEP,0.8,Average,5,67.7,36.04,69.68,32.79,1.4
2023091712_3951_46259,DeShon Elliott,SPLIT_DEEP,0.8,Average,6,67.91,36.16,69.68,32.79,1.4
2023091712_3951_46259,DeShon Elliott,SPLIT_DEEP,0.8,Average,7,68.12,36.26,69.68,32.79,1.4
2023091712_3951_46259,DeShon Elliott,SPLIT_DEEP,0.8,Average,8,68.33,36.33,69.68,32.79,1.4
2023091712_3951_46259,DeShon Elliott,SPLIT_DEEP,0.8,Average,9,68.55,36.36,69.68,32.79,1.4
2023091712_3951_46259,DeShon Elliott,SPLIT_DEEP,0.8,Average,10,68.79,36.34,69.68,32.79,1.4
2023091712_3951_46259,DeShon Elliott,SPLIT_DEEP,0.8,Average,11,69.03,36.28,69.68,32.79,1.4
2023091712_3951_46259,DeShon Elliott,SPLIT_DEEP,0.8,Average,12,69.29,36.16,69.68,32.79,1.4
2023091712_3951_46259,DeShon Elliott,SPLIT_DEEP,0.8,Average,13,69.56,36.0,69.68,32.79,1.4
2023091712_3951_46259,DeShon Elliott,SPLIT_DEEP,0.8,Average,14,69.84,35.79,69.68,32.79,1.4
2023123101_2149_52627,Geno Stone,SPLIT_DEEP,0.94,Average,1,63.87,16.72,58.45,16.62,0.8
2023123101_2149_52627,Geno Stone,SPLIT_DEEP,0.94,Average,2,63.73,16.75,58.45,16.62,0.8
2023123101_2149_52627,Geno Stone,SPLIT_DEEP,0.94,Average,3,63.54,16.8,58.45,16.62,0.8
2023123101_2149_52627,Geno Stone,SPLIT_DEEP,0.94,Average,4,63.27,16.86,58.45,16.62,0.8
2023123101_2149_52627,Geno Stone,SPLIT_DEEP,0.94,Average,5,62.95,16.95,58.45,16.62,0.8
2023123101_2149_52627,Geno Stone,SPLIT_DEEP,0.94,Average,6,62.58,17.04,58.45,16.62,0.8
2023123101_2149_52627,Geno Stone,SPLIT_DEEP,0.94,Average,7,62.15,17.14,58.45,16.62,0.8
2023123101_2149_52627,Geno Stone,SPLIT_DEEP,0.94,Average,8,61.67,17.28,58.45,16.62,0.8
2023112301_2309_54578,Percy Butler,SINGLE_HIGH,1.06,Average,1,64.13,27.29,78.68,3.25,2.5
2023112301_2309_54578,Percy Butler,SINGLE_HIGH,1.06,Average,2,64.67,27.21,78.68,3.25,2.5
2023112301_2309_54578,Percy Butler,SINGLE_HIGH,1.06,Average,3,65.21,27.12,78.68,3.25,2.5
2023112301_2309_54578,Percy Butler,SINGLE_HIGH,1.06,Average,4,65.76,27.02,78.68,3.25,2.5
2023112301_2309_54578,Percy Butler,SINGLE_HIGH,1.06,Average,5,66.32,26.91,78.68,3.25,2.5
2023112301_2309_54578,Percy Butler,SINGLE_HIGH,1.06,Average,6,66.88,26.78,78.68,3.25,2.5
2023112301_2309_54578,Percy Butler,SINGLE_HIGH,1.06,Average,7,67.45,26.62,78.68,3.25,2.5
2023112301_2309_54578,Percy Butler,SINGLE_HIGH,1.06,Average,8,68.02,26.45,78.68,3.25,2.5
2023112301_2309_54578,Percy Butler,SINGLE_HIGH,1.06,Average,9,68.59,26.26,78.68,3.25,2.5
2023112301_2309_54578,Percy Butler,SINGLE_HIGH,1.06,Average,10,69.21,26.0,78.68,3.25,2.5
2023112301_2309_54578,Percy Butler,SINGLE_HIGH,1.06,Average,11,69.82,25.72,78.68,3.25,2.5
2023112301_2309_54578,Percy Butler,SINGLE_HIGH,1.06,Average,12,70.43,25.41,78.68,3.25,2.5
2023112301_2309_54578,Percy Butler,SINGLE_HIGH,1.06,Average,13,71.04,25.07,78.68,3.25,2.5
2023112301_2309_54578,Percy Butler,SINGLE_HIGH,1.06,Average,14,71.66,24.71,78.68,3.25,2.5
2023112301_2309_54578,Percy Butler,SINGLE_HIGH,1.06,Average,15,72.28,24.31,78.68,3.25,2.5
2023112301_2309_54578,Percy Butler,SINGLE_HIGH,1.06,Average,16,72.91,23.88,78.68,3.25,2.5
2023112301_2309_54578,Percy Butler,SINGLE_HIGH,1.06,Average,17,73.55,23.43,78.68,3.25,2.5
2023112301_2309_54578,Percy Butler,SINGLE_HIGH,1.06,Average,18,74.19,22.94,78.68,3.25,2.5
2023112301_2309_54578,Percy Butler,SINGLE_HIGH,1.06,Average,19,74.84,22.45,78.68,3.25,2.5
2023112301_2309_54578,Percy Butler,SINGLE_HIGH,1.06,Average,20,75.49,21.93,78.68,3.25,2.5
2023112301_2309_54578,Percy Butler,SINGLE_HIGH,1.06,Average,21,76.13,21.41,78.68,3.25,2.5
2023112301_2309_54578,Percy Butler,SINGLE_HIGH,1.06,Average,22,76.77,20.89,78.68,3.25,2.5
2023112301_2309_54578,Percy Butler,SINGLE_HIGH,1.06,Average,23,77.4,20.36,78.68,3.25,2.5
2023112301_2309_54578,Percy Butler,SINGLE_HIGH,1.06,Average,24,78.04,19.84,78.68,3.25,2.5
2023112301_2309_54578,Percy Butler,SINGLE_HIGH,1.06,Average,25,78.67,19.31,78.68,3.25,2.5
2023102900_1675_54502,Jalen Pitre,SPLIT_DEEP,1.17,Average,1,105.88,31.2,99.27,28.7,0.8
2023102900_1675_54502,Jalen Pitre,SPLIT_DEEP,1.17,Average,2,105.75,30.98,99.27,28.7,0.8
2023102900_1675_54502,Jalen Pitre,SPLIT_DEEP,1.17,Average,3,105.55,30.73,99.27,28.7,0.8
2023102900_1675_54502,Jalen Pitre,SPLIT_DEEP,1.17,Average,4,105.3,30.45,99.27,28.7,0.8
2023102900_1675_54502,Jalen Pitre,SPLIT_DEEP,1.17,Average,5,104.99,30.15,99.27,28.7,0.8
2023102900_1675_54502,Jalen Pitre,SPLIT_DEEP,1.17,Average,6,104.63,29.86,99.27,28.7,0.8
2023102900_1675_54502,Jalen Pitre,SPLIT_DEEP,1.17,Average,7,104.22,29.58,99.27,28.7,0.8
2023102900_1675_54502,Jalen Pitre,SPLIT_DEEP,1.17,Average,8,103.78,29.31,99.27,28.7,0.8
2023102205_2707_52453,Antoine Winfield Jr.,SPLIT_DEEP,1.32,Average,1,109.19,13.38,101.91,5.0,1.1
2023102205_2707_52453,Antoine Winfield Jr.,SPLIT_DEEP,1.32,Average,2,109.35,12.86,101.91,5.0,1.1
2023102205_2707_52453,Antoine Winfield Jr.,SPLIT_DEEP,1.32,Average,3,109.51,12.31,101.91,5.0,1.1
2023102205_2707_52453,Antoine Winfield Jr.,SPLIT_DEEP,1.32,Average,4,109.66,11.72,101.91,5.0,1.1
2023102205_2707_52453,Antoine Winfield Jr.,SPLIT_DEEP,1.32,Average,5,109.79,11.1,101.91,5.0,1.1
2023102205_2707_52453,Antoine Winfield Jr.,SPLIT_DEEP,1.32,Average,6,109.88,10.46,101.91,5.0,1.1
2023102205_2707_52453,Antoine Winfield Jr.,SPLIT_DEEP,1.32,Average,7,109.94,9.79,101.91,5.0,1.1
2023102205_2707_52453,Antoine Winfield Jr.,SPLIT_DEEP,1.32,Average,8,109.97,9.11,101.91,5.0,1.1
2023102205_2707_52453,Antoine Winfield Jr.,SPLIT_DEEP,1.32,Average,9,109.96,8.42,101.91,5.0,1.1
2023102205_2707_52453,Antoine Winfield Jr.,SPLIT_DEEP,1.32,Average,10,109.89,7.7,101.91,5.0,1.1
2023102205_2707_52453,Antoine Winfield Jr.,SPLIT_DEEP,1.32,Average,11,109.79,6.98,101.91,5.0,1.1
2023101511_1943_54808,Reed Blankenship,SPLIT_DEEP,1.46,Average,1,102.9,37.78,104.39,38.76,1.1
2023101511_1943_54808,Reed Blankenship,SPLIT_DEEP,1.46,Average,2,103.12,37.87,104.39,38.76,1.1
2023101511_1943_54808,Reed Blankenship,SPLIT_DEEP,1.46,Average,3,103.34,37.9,104.39,38.76,1.1
2023101511_1943_54808,Reed Blankenship,SPLIT_DEEP,1.46,Average,4,103.57,37.88,104.39,38.76,1.1
2023101511_1943_54808,Reed Blankenship,SPLIT_DEEP,1.46,Average,5,103.82,37.79,104.39,38.76,1.1
2023101511_1943_54808,Reed Blankenship,SPLIT_DEEP,1.46,Average,6,104.07,37.66,104.39,38.76,1.1
2023101511_1943_54808,Reed Blankenship,SPLIT_DEEP,1.46,Average,7,104.32,37.48,104.39,38.76,1.1
2023101511_1943_54808,Reed Blankenship,SPLIT_DEEP,1.46,Average,8,104.58,37.25,104.39,38.76,1.1
2023101511_1943_54808,Reed Blankenship,SPLIT_DEEP,1.46,Average,9,104.84,37.01,104.39,38.76,1.1
2023101511_1943_54808,Reed Blankenship,SPLIT_DEEP,1.46,Average,10,105.09,36.74,104.39,38.76,1.1
2023101511_1943_54808,Reed Blankenship,SPLIT_DEEP,1.46,Average,11,105.32,36.47,104.39,38.76,1.1
2023110505_4222_54502,Jalen Pitre,SINGLE_HIGH,1.58,Average,1,109.94,16.24,112.14,22.54,1.2
2023110505_4222_54502,Jalen Pitre,SINGLE_HIGH,1.58,Average,2,110.14,16.27,112.14,22.54,1.2
2023110505_4222_54502,Jalen Pitre,SINGLE_HIGH,1.58,Average,3,110.33,16.33,112.14,22.54,1.2
2023110505_4222_54502,Jalen Pitre,SINGLE_HIGH,1.58,Average,4,110.52,16.42,112.14,22.54,1.2
2023110505_4222_54502,Jalen Pitre,SINGLE_HIGH,1.58,Average,5,110.7,16.56,112.14,22.54,1.2
2023110505_4222_54502,Jalen Pitre,SINGLE_HIGH,1.58,Average,6,110.88,16.73,112.14,22.54,1.2
2023110505_4222_54502,Jalen Pitre,SINGLE_HIGH,1.58,Average,7,111.05,16.92,112.14,22.54,1.2
2023110505_4222_54502,Jalen Pitre,SINGLE_HIGH,1.58,Average,8,111.22,17.14,112.14,22.54,1.2
2023110505_4222_54502,Jalen Pitre,SINGLE_HIGH,1.58,Average,9,111.4,17.39,112.14,22.54,1.2
2023110505_4222_54502,Jalen Pitre,SINGLE_HIGH,1.58,Average,10,111.6,17.65,112.14,22.54,1.2
2023110505_4222_54502,Jalen Pitre,SINGLE_HIGH,1.58,Average,11,111.8,17.93,112.14,22.54,1.2
2023110505_4222_54502,Jalen Pitre,SINGLE_HIGH,1.58,Average,12,112.01,18.21,112.14,22.54,1.2
2023111210_4436_42543,Quandre Diggs,SINGLE_HIGH,1.76,Average,1,96.46,20.78,88.52,30.21,1.2
2023111210_4436_42543,Quandre Diggs,SINGLE_HIGH,1.76,Average,2,96.4,21.14,88.52,30.21,1.2
2023111210_4436_42543,Quandre Diggs,SINGLE_HIGH,1.76,Average,3,96.31,21.49,88.52,30.21,1.2
2023111210_4436_42543,Quandre Diggs,SINGLE_HIGH,1.76,Average,4,96.21,21.85,88.52,30.21,1.2
2023111210_4436_42543,Quandre Diggs,SINGLE_HIGH,1.76,Average,5,96.1,22.21,88.52,30.21,1.2
2023111210_4436_42543,Quandre Diggs,SINGLE_HIGH,1.76,Average,6,95.98,22.59,88.52,30.21,1.2
2023111210_4436_42543,Quandre Diggs,SINGLE_HIGH,1.76,Average,7,95.88,22.98,88.52,30.21,1.2
2023111210_4436_42543,Quandre Diggs,SINGLE_HIGH,1.76,Average,8,95.78,23.37,88.52,30.21,1.2
2023111210_4436_42543,Quandre Diggs,SINGLE_HIGH,1.76,Average,9,95.72,23.76,88.52,30.21,1.2
2023111210_4436_42543,Quandre Diggs,SINGLE_HIGH,1.76,Average,10,95.68,24.17,88.52,30.21,1.2
2023111210_4436_42543,Quandre Diggs,SINGLE_HIGH,1.76,Average,11,95.65,24.59,88.52,30.21,1.2
2023111210_4436_42543,Quandre Diggs,SINGLE_HIGH,1.76,Average,12,95.64,25.01,88.52,30.21,1.2
2023091004_3849_53554,Camryn Bynum,SINGLE_HIGH,1.93,Average,1,64.82,27.32,60.52,18.62,1.0
2023091004_3849_53554,Camryn Bynum,SINGLE_HIGH,1.93,Average,2,64.91,27.15,60.52,18.62,1.0
2023091004_3849_53554,Camryn Bynum,SINGLE_HIGH,1.93,Average,3,64.98,26.95,60.52,18.62,1.0
2023091004_3849_53554,Camryn Bynum,SINGLE_HIGH,1.93,Average,4,65.02,26.69,60.52,18.62,1.0
2023091004_3849_53554,Camryn Bynum,SINGLE_HIGH,1.93,Average,5,65.02,26.39,60.52,18.62,1.0
2023091004_3849_53554,Camryn Bynum,SINGLE_HIGH,1.93,Average,6,64.99,26.04,60.52,18.62,1.0
2023091004_3849_53554,Camryn Bynum,SINGLE_HIGH,1.93,Average,7,64.91,25.64,60.52,18.62,1.0
2023091004_3849_53554,Camryn Bynum,SINGLE_HIGH,1.93,Average,8,64.8,25.2,60.52,18.62,1.0
2023091004_3849_53554,Camryn Bynum,SINGLE_HIGH,1.93,Average,9,64.66,24.73,60.52,18.62,1.0
2023091004_3849_53554,Camryn Bynum,SINGLE_HIGH,1.93,Average,10,64.5,24.24,60.52,18.62,1.0
2023100112_1183_38868,Tashaun Gipson,SPLIT_DEEP,2.04,Average,1,65.05,34.49,62.52,32.81,0.8
2023100112_1183_38868,Tashaun Gipson,SPLIT_DEEP,2.04,Average,2,64.85,34.26,62.52,32.81,0.8
2023100112_1183_38868,Tashaun Gipson,SPLIT_DEEP,2.04,Average,3,64.6,34.01,62.52,32.81,0.8
2023100112_1183_38868,Tashaun Gipson,SPLIT_DEEP,2.04,Average,4,64.3,33.76,62.52,32.81,0.8
2023100112_1183_38868,Tashaun Gipson,SPLIT_DEEP,2.04,Average,5,63.96,33.51,62.52,32.81,0.8
2023100112_1183_38868,Tashaun Gipson,SPLIT_DEEP,2.04,Average,6,63.6,33.26,62.52,32.81,0.8
2023100112_1183_38868,Tashaun Gipson,SPLIT_DEEP,2.04,Average,7,63.23,33.01,62.52,32.81,0.8
2023100112_1183_38868,Tashaun Gipson,SPLIT_DEEP,2.04,Average,8,62.84,32.78,62.52,32.81,0.8
2023111207_4110_46123,Jessie Bates,SINGLE_HIGH,2.25,Average,1,69.52,25.44,87.92,2.59,2.7
2023111207_4110_46123,Jessie Bates,SINGLE_HIGH,2.25,Average,2,69.8,25.37,87.92,2.59,2.7
2023111207_4110_46123,Jessie Bates,SINGLE_HIGH,2.25,Average,3,70.1,25.25,87.92,2.59,2.7
2023111207_4110_46123,Jessie Bates,SINGLE_HIGH,2.25,Average,4,70.41,25.08,87.92,2.59,2.7
2023111207_4110_46123,Jessie Bates,SINGLE_HIGH,2.25,Average,5,70.76,24.87,87.92,2.59,2.7
2023111207_4110_46123,Jessie Bates,SINGLE_HIGH,2.25,Average,6,71.12,24.62,87.92,2.59,2.7
2023111207_4110_46123,Jessie Bates,SINGLE_HIGH,2.25,Average,7,71.5,24.32,87.92,2.59,2.7
2023111207_4110_46123,Jessie Bates,SINGLE_HIGH,2.25,Average,8,71.9,24.0,87.92,2.59,2.7
2023111207_4110_46123,Jessie Bates,SINGLE_HIGH,2.25,Average,9,72.33,23.64,87.92,2.59,2.7
2023111207_4110_46123,Jessie Bates,SINGLE_HIGH,2.25,Average,10,72.76,23.25,87.92,2.59,2.7
2023111207_4110_46123,Jessie Bates,SINGLE_HIGH,2.25,Average,11,73.22,22.84,87.92,2.59,2.7
2023111207_4110_46123,Jessie Bates,SINGLE_HIGH,2.25,Average,12,73.71,22.41,87.92,2.59,2.7
2023111207_4110_46123,Jessie Bates,SINGLE_HIGH,2.25,Average,13,74.22,21.97,87.92,2.59,2.7
2023111207_4110_46123,Jessie Bates,SINGLE_HIGH,2.25,Average,14,74.75,21.51,87.92,2.59,2.7
2023111207_4110_46123,Jessie Bates,SINGLE_HIGH,2.25,Average,15,75.3,21.04,87.92,2.59,2.7
2023111207_4110_46123,Jessie Bates,SINGLE_HIGH,2.25,Average,16,75.87,20.57,87.92,2.59,2.7
2023111207_4110_46123,Jessie Bates,SINGLE_HIGH,2.25,Average,17,76.45,20.08,87.92,2.59,2.7
2023111207_4110_46123,Jessie Bates,SINGLE_HIGH,2.25,Average,18,77.04,19.59,87.92,2.59,2.7
2023111207_4110_46123,Jessie Bates,SINGLE_HIGH,2.25,Average,19,77.64,19.08,87.92,2.59,2.7
2023111207_4110_46123,Jessie Bates,SINGLE_HIGH,2.25,Average,20,78.25,18.56,87.92,2.59,2.7
2023111207_4110_46123,Jessie Bates,SINGLE_HIGH,2.25,Average,21,78.88,18.03,87.92,2.59,2.7
2023111207_4110_46123,Jessie Bates,SINGLE_HIGH,2.25,Average,22,79.49,17.5,87.92,2.59,2.7
2023111207_4110_46123,Jessie Bates,SINGLE_HIGH,2.25,Average,23,80.09,16.97,87.92,2.59,2.7
2023111207_4110_46123,Jessie Bates,SINGLE_HIGH,2.25,Average,24,80.7,16.43,87.92,2.59,2.7
2023111207_4110_46123,Jessie Bates,SINGLE_HIGH,2.25,Average,25,81.3,15.89,87.92,2.59,2.7
2023111207_4110_46123,Jessie Bates,SINGLE_HIGH,2.25,Average,26,81.89,15.34,87.92,2.59,2.7
2023111207_4110_46123,Jessie Bates,SINGLE_HIGH,2.25,Average,27,82.47,14.8,87.92,2.59,2.7
2023110500_80_46259,DeShon Elliott,SPLIT_DEEP,2.41,Average,1,63.5,37.74,59.0,42.6,0.8
2023110500_80_46259,DeShon Elliott,SPLIT_DEEP,2.41,Average,2,63.29,38.12,59.0,42.6,0.8
2023110500_80_46259,DeShon Elliott,SPLIT_DEEP,2.41,Average,3,63.08,38.56,59.0,42.6,0.8
2023110500_80_46259,DeShon Elliott,SPLIT_DEEP,2.41,Average,4,62.85,39.02,59.0,42.6,0.8
2023110500_80_46259,DeShon Elliott,SPLIT_DEEP,2.41,Average,5,62.6,39.53,59.0,42.6,0.8
2023110500_80_46259,DeShon Elliott,SPLIT_DEEP,2.41,Average,6,62.33,40.07,59.0,42.6,0.8
2023110500_80_46259,DeShon Elliott,SPLIT_DEEP,2.41,Average,7,62.04,40.63,59.0,42.6,0.8
2023110500_80_46259,DeShon Elliott,SPLIT_DEEP,2.41,Average,8,61.74,41.2,59.0,42.6,0.8
2023122402_3635_46123,Jessie Bates,SINGLE_HIGH,2.57,Average,1,41.46,27.07,50.95,46.51,2.2
2023122402_3635_46123,Jessie Bates,SINGLE_HIGH,2.57,Average,2,41.63,27.46,50.95,46.51,2.2
2023122402_3635_46123,Jessie Bates,SINGLE_HIGH,2.57,Average,3,41.82,27.89,50.95,46.51,2.2
2023122402_3635_46123,Jessie Bates,SINGLE_HIGH,2.57,Average,4,42.03,28.34,50.95,46.51,2.2
2023122402_3635_46123,Jessie Bates,SINGLE_HIGH,2.57,Average,5,42.26,28.83,50.95,46.51,2.2
2023122402_3635_46123,Jessie Bates,SINGLE_HIGH,2.57,Average,6,42.51,29.33,50.95,46.51,2.2
2023122402_3635_46123,Jessie Bates,SINGLE_HIGH,2.57,Average,7,42.79,29.86,50.95,46.51,2.2
2023122402_3635_46123,Jessie Bates,SINGLE_HIGH,2.57,Average,8,43.1,30.4,50.95,46.51,2.2
2023122402_3635_46123,Jessie Bates,SINGLE_HIGH,2.57,Average,9,43.44,30.95,50.95,46.51,2.2
2023122402_3635_46123,Jessie Bates,SINGLE_HIGH,2.57,Average,10,43.82,31.5,50.95,46.51,2.2
2023122402_3635_46123,Jessie Bates,SINGLE_HIGH,2.57,Average,11,44.23,32.07,50.95,46.51,2.2
2023122402_3635_46123,Jessie Bates,SINGLE_HIGH,2.57,Average,12,44.68,32.63,50.95,46.51,2.2
2023122402_3635_46123,Jessie Bates,SINGLE_HIGH,2.57,Average,13,45.16,33.19,50.95,46.51,2.2
2023122402_3635_46123,Jessie Bates,SINGLE_HIGH,2.57,Average,14,45.67,33.75,50.95,46.51,2.2
2023122402_3635_46123,Jessie Bates,SINGLE_HIGH,2.57,Average,15,46.19,34.31,50.95,46.51,2.2
2023122402_3635_46123,Jessie Bates,SINGLE_HIGH,2.57,Average,16,46.74,34.87,50.95,46.51,2.2
2023122402_3635_46123,Jessie Bates,SINGLE_HIGH,2.57,Average,17,47.3,35.41,50.95,46.51,2.2
2023122402_3635_46123,Jessie Bates,SINGLE_HIGH,2.57,Average,18,47.88,35.96,50.95,46.51,2.2
2023122402_3635_46123,Jessie Bates,SINGLE_HIGH,2.57,Average,19,48.47,36.5,50.95,46.51,2.2
2023122402_3635_46123,Jessie Bates,SINGLE_HIGH,2.57,Average,20,49.08,37.02,50.95,46.51,2.2
2023122402_3635_46123,Jessie Bates,SINGLE_HIGH,2.57,Average,21,49.69,37.54,50.95,46.51,2.2
2023122402_3635_46123,Jessie Bates,SINGLE_HIGH,2.57,Average,22,50.3,38.06,50.95,46.51,2.2
2023092408_668_54578,Percy Butler,SINGLE_HIGH,2.73,Average,1,56.11,24.79,57.03,26.13,1.3
2023092408_668_54578,Percy Butler,SINGLE_HIGH,2.73,Average,2,56.19,24.81,57.03,26.13,1.3
2023092408_668_54578,Percy Butler,SINGLE_HIGH,2.73,Average,3,56.26,24.84,57.03,26.13,1.3
2023092408_668_54578,Percy Butler,SINGLE_HIGH,2.73,Average,4,56.32,24.91,57.03,26.13,1.3
2023092408_668_54578,Percy Butler,SINGLE_HIGH,2.73,Average,5,56.37,24.99,57.03,26.13,1.3
2023092408_668_54578,Percy Butler,SINGLE_HIGH,2.73,Average,6,56.41,25.1,57.03,26.13,1.3
2023092408_668_54578,Percy Butler,SINGLE_HIGH,2.73,Average,7,56.44,25.23,57.03,26.13,1.3
2023092408_668_54578,Percy Butler,SINGLE_HIGH,2.73,Average,8,56.43,25.39,57.03,26.13,1.3
2023092408_668_54578,Percy Butler,SINGLE_HIGH,2.73,Average,9,56.4,25.56,57.03,26.13,1.3
2023092408_668_54578,Percy Butler,SINGLE_HIGH,2.73,Average,10,56.35,25.74,57.03,26.13,1.3
2023092408_668_54578,Percy Butler,SINGLE_HIGH,2.73,Average,11,56.29,25.92,57.03,26.13,1.3
2023092408_668_54578,Percy Butler,SINGLE_HIGH,2.73,Average,12,56.23,26.1,57.03,26.13,1.3
2023092408_668_54578,Percy Butler,SINGLE_HIGH,2.73,Average,13,56.12,26.28,57.03,26.13,1.3
2023123104_1769_54502,Jalen Pitre,SPLIT_DEEP,2.92,Average,1,54.17,16.08,58.82,25.0,1.8
2023123104_1769_54502,Jalen Pitre,SPLIT_DEEP,2.92,Average,2,54.59,16.22,58.82,25.0,1.8
2023123104_1769_54502,Jalen Pitre,SPLIT_DEEP,2.92,Average,3,55.03,16.42,58.82,25.0,1.8
2023123104_1769_54502,Jalen Pitre,SPLIT_DEEP,2.92,Average,4,55.49,16.67,58.82,25.0,1.8
2023123104_1769_54502,Jalen Pitre,SPLIT_DEEP,2.92,Average,5,55.97,16.97,58.82,25.0,1.8
2023123104_1769_54502,Jalen Pitre,SPLIT_DEEP,2.92,Average,6,56.46,17.32,58.82,25.0,1.8
2023123104_1769_54502,Jalen Pitre,SPLIT_DEEP,2.92,Average,7,56.95,17.72,58.82,25.0,1.8
2023123104_1769_54502,Jalen Pitre,SPLIT_DEEP,2.92,Average,8,57.45,18.15,58.82,25.0,1.8
2023123104_1769_54502,Jalen Pitre,SPLIT_DEEP,2.92,Average,9,57.94,18.62,58.82,25.0,1.8
2023123104_1769_54502,Jalen Pitre,SPLIT_DEEP,2.92,Average,10,58.41,19.11,58.82,25.0,1.8
2023123104_1769_54502,Jalen Pitre,SPLIT_DEEP,2.92,Average,11,58.87,19.64,58.82,25.0,1.8
2023123104_1769_54502,Jalen Pitre,SPLIT_DEEP,2.92,Average,12,59.31,20.19,58.82,25.0,1.8
2023123104_1769_54502,Jalen Pitre,SPLIT_DEEP,2.92,Average,13,59.71,20.75,58.82,25.0,1.8
2023123104_1769_54502,Jalen Pitre,SPLIT_DEEP,2.92,Average,14,60.09,21.35,58.82,25.0,1.8
2023123104_1769_54502,Jalen Pitre,SPLIT_DEEP,2.92,Average,15,60.43,21.96,58.82,25.0,1.8
2023123104_1769_54502,Jalen Pitre,SPLIT_DEEP,2.92,Average,16,60.74,22.59,58.82,25.0,1.8
2023123104_1769_54502,Jalen Pitre,SPLIT_DEEP,2.92,Average,17,61.03,23.21,58.82,25.0,1.8
2023123104_1769_54502,Jalen Pitre,SPLIT_DEEP,2.92,Average,18,61.29,23.84,58.82,25.0,1.8
2023102203_3099_40107,Micah Hyde,SINGLE_HIGH,3.15,High,1,102.36,13.95,101.82,22.12,1.1
2023102203_3099_40107,Micah Hyde,SINGLE_HIGH,3.15,High,2,102.68,14.37,101.82,22.12,1.1
2023102203_3099_40107,Micah Hyde,SINGLE_HIGH,3.15,High,3,102.99,14.84,101.82,22.12,1.1
2023102203_3099_40107,Micah Hyde,SINGLE_HIGH,3.15,High,4,103.28,15.36,101.82,22.12,1.1
2023102203_3099_40107,Micah Hyde,SINGLE_HIGH,3.15,High,5,103.55,15.92,101.82,22.12,1.1
2023102203_3099_40107,Micah Hyde,SINGLE_HIGH,3.15,High,6,103.8,16.53,101.82,22.12,1.1
2023102203_3099_40107,Micah Hyde,SINGLE_HIGH,3.15,High,7,104.06,17.17,101.82,22.12,1.1
2023102203_3099_40107,Micah Hyde,SINGLE_HIGH,3.15,High,8,104.3,17.84,101.82,22.12,1.1
2023102203_3099_40107,Micah Hyde,SINGLE_HIGH,3.15,High,9,104.53,18.53,101.82,22.12,1.1
2023102203_3099_40107,Micah Hyde,SINGLE_HIGH,3.15,High,10,104.73,19.24,101.82,22.12,1.1
2023102203_3099_40107,Micah Hyde,SINGLE_HIGH,3.15,High,11,104.93,19.97,101.82,22.12,1.1
2023110511_1739_40107,Micah Hyde,SINGLE_HIGH,3.33,High,1,83.51,17.99,91.64,4.95,2.3
2023110511_1739_40107,Micah Hyde,SINGLE_HIGH,3.33,High,2,83.91,17.7,91.64,4.95,2.3
2023110511_1739_40107,Micah Hyde,SINGLE_HIGH,3.33,High,3,84.31,17.36,91.64,4.95,2.3
2023110511_1739_40107,Micah Hyde,SINGLE_HIGH,3.33,High,4,84.71,16.97,91.64,4.95,2.3
2023110511_1739_40107,Micah Hyde,SINGLE_HIGH,3.33,High,5,85.1,16.54,91.64,4.95,2.3
2023110511_1739_40107,Micah Hyde,SINGLE_HIGH,3.33,High,6,85.48,16.07,91.64,4.95,2.3
2023110511_1739_40107,Micah Hyde,SINGLE_HIGH,3.33,High,7,85.87,15.55,91.64,4.95,2.3
2023110511_1739_40107,Micah Hyde,SINGLE_HIGH,3.33,High,8,86.25,15.0,91.64,4.95,2.3
2023110511_1739_40107,Micah Hyde,SINGLE_HIGH,3.33,High,9,86.62,14.41,91.64,4.95,2.3
2023110511_1739_40107,Micah Hyde,SINGLE_HIGH,3.33,High,10,86.99,13.79,91.64,4.95,2.3
2023110511_1739_40107,Micah Hyde,SINGLE_HIGH,3.33,High,11,87.36,13.15,91.64,4.95,2.3
2023110511_1739_40107,Micah Hyde,SINGLE_HIGH,3.33,High,12,87.73,12.49,91.64,4.95,2.3
2023110511_1739_40107,Micah Hyde,SINGLE_HIGH,3.33,High,13,88.11,11.81,91.64,4.95,2.3
2023110511_1739_40107,Micah Hyde,SINGLE_HIGH,3.33,High,14,88.5,11.11,91.64,4.95,2.3
2023110511_1739_40107,Micah Hyde,SINGLE_HIGH,3.33,High,15,88.9,10.38,91.64,4.95,2.3
2023110511_1739_40107,Micah Hyde,SINGLE_HIGH,3.33,High,16,89.32,9.65,91.64,4.95,2.3
2023110511_1739_40107,Micah Hyde,SINGLE_HIGH,3.33,High,17,89.75,8.92,91.64,4.95,2.3
2023110511_1739_40107,Micah Hyde,SINGLE_HIGH,3.33,High,18,90.2,8.2,91.64,4.95,2.3
2023110511_1739_40107,Micah Hyde,SINGLE_HIGH,3.33,High,19,90.66,7.5,91.64,4.95,2.3
2023110511_1739_40107,Micah Hyde,SINGLE_HIGH,3.33,High,20,91.17,6.85,91.64,4.95,2.3
2023110511_1739_40107,Micah Hyde,SINGLE_HIGH,3.33,High,21,91.71,6.23,91.64,4.95,2.3
2023110511_1739_40107,Micah Hyde,SINGLE_HIGH,3.33,High,22,92.28,5.67,91.64,4.95,2.3
2023110511_1739_40107,Micah Hyde,SINGLE_HIGH,3.33,High,23,92.88,5.19,91.64,4.95,2.3
2023102907_3809_46123,Jessie Bates,SINGLE_HIGH,3.53,High,1,101.61,20.58,115.38,43.6,3.1
2023102907_3809_46123,Jessie Bates,SINGLE_HIGH,3.53,High,2,101.9,21.03,115.38,43.6,3.1
2023102907_3809_46123,Jessie Bates,SINGLE_HIGH,3.53,High,3,102.19,21.53,115.38,43.6,3.1
2023102907_3809_46123,Jessie Bates,SINGLE_HIGH,3.53,High,4,102.48,22.07,115.38,43.6,3.1
2023102907_3809_46123,Jessie Bates,SINGLE_HIGH,3.53,High,5,102.75,22.65,115.38,43.6,3.1
2023102907_3809_46123,Jessie Bates,SINGLE_HIGH,3.53,High,6,103.03,23.27,115.38,43.6,3.1
2023102907_3809_46123,Jessie Bates,SINGLE_HIGH,3.53,High,7,103.3,23.9,115.38,43.6,3.1
2023102907_3809_46123,Jessie Bates,SINGLE_HIGH,3.53,High,8,103.57,24.56,115.38,43.6,3.1
2023102907_3809_46123,Jessie Bates,SINGLE_HIGH,3.53,High,9,103.85,25.24,115.38,43.6,3.1
2023102907_3809_46123,Jessie Bates,SINGLE_HIGH,3.53,High,10,104.13,25.93,115.38,43.6,3.1
2023102907_3809_46123,Jessie Bates,SINGLE_HIGH,3.53,High,11,104.42,26.65,115.38,43.6,3.1
2023102907_3809_46123,Jessie Bates,SINGLE_HIGH,3.53,High,12,104.72,27.39,115.38,43.6,3.1
2023102907_3809_46123,Jessie Bates,SINGLE_HIGH,3.53,High,13,105.03,28.14,115.38,43.6,3.1
2023102907_3809_46123,Jessie Bates,SINGLE_HIGH,3.53,High,14,105.35,28.91,115.38,43.6,3.1
2023102907_3809_46123,Jessie Bates,SINGLE_HIGH,3.53,High,15,105.69,29.68,115.38,43.6,3.1
2023102907_3809_46123,Jessie Bates,SINGLE_HIGH,3.53,High,16,106.06,30.45,115.38,43.6,3.1
2023102907_3809_46123,Jessie Bates,SINGLE_HIGH,3.53,High,17,106.44,31.22,115.38,43.6,3.1
2023102907_3809_46123,Jessie Bates,SINGLE_HIGH,3.53,High,18,106.84,32.01,115.38,43.6,3.1
2023102907_3809_46123,Jessie Bates,SINGLE_HIGH,3.53,High,19,107.27,32.79,115.38,43.6,3.1
2023102907_3809_46123,Jessie Bates,SINGLE_HIGH,3.53,High,20,107.72,33.57,115.38,43.6,3.1
2023102907_3809_46123,Jessie Bates,SINGLE_HIGH,3.53,High,21,108.19,34.36,115.38,43.6,3.1
2023102907_3809_46123,Jessie Bates,SINGLE_HIGH,3.53,High,22,108.68,35.13,115.38,43.6,3.1
2023102907_3809_46123,Jessie Bates,SINGLE_HIGH,3.53,High,23,109.2,35.91,115.38,43.6,3.1
2023102907_3809_46123,Jessie Bates,SINGLE_HIGH,3.53,High,24,109.73,36.68,115.38,43.6,3.1
2023102907_3809_46123,Jessie Bates,SINGLE_HIGH,3.53,High,25,110.28,37.43,115.38,43.6,3.1
2023102907_3809_46123,Jessie Bates,SINGLE_HIGH,3.53,High,26,110.86,38.18,115.38,43.6,3.1
2023102907_3809_46123,Jessie Bates,SINGLE_HIGH,3.53,High,27,111.44,38.91,115.38,43.6,3.1
2023102907_3809_46123,Jessie Bates,SINGLE_HIGH,3.53,High,28,112.04,39.62,115.38,43.6,3.1
2023102907_3809_46123,Jessie Bates,SINGLE_HIGH,3.53,High,29,112.64,40.32,115.38,43.6,3.1
2023102907_3809_46123,Jessie Bates,SINGLE_HIGH,3.53,High,30,113.24,41.0,115.38,43.6,3.1
2023102907_3809_46123,Jessie Bates,SINGLE_HIGH,3.53,High,31,113.85,41.66,115.38,43.6,3.1
2023110508_2801_54704,Rodney Thomas,SINGLE_HIGH,3.76,High,1,102.78,24.67,99.83,20.21,1.0
2023110508_2801_54704,Rodney Thomas,SINGLE_HIGH,3.76,High,2,102.75,24.28,99.83,20.21,1.0
2023110508_2801_54704,Rodney Thomas,SINGLE_HIGH,3.76,High,3,102.66,23.89,99.83,20.21,1.0
2023110508_2801_54704,Rodney Thomas,SINGLE_HIGH,3.76,High,4,102.52,23.49,99.83,20.21,1.0
2023110508_2801_54704,Rodney Thomas,SINGLE_HIGH,3.76,High,5,102.34,23.08,99.83,20.21,1.0
2023110508_2801_54704,Rodney Thomas,SINGLE_HIGH,3.76,High,6,102.13,22.67,99.83,20.21,1.0
2023110508_2801_54704,Rodney Thomas,SINGLE_HIGH,3.76,High,7,101.89,22.26,99.83,20.21,1.0
2023110508_2801_54704,Rodney Thomas,SINGLE_HIGH,3.76,High,8,101.65,21.85,99.83,20.21,1.0
2023110508_2801_54704,Rodney Thomas,SINGLE_HIGH,3.76,High,9,101.4,21.48,99.83,20.21,1.0
2023110508_2801_54704,Rodney Thomas,SINGLE_HIGH,3.76,High,10,101.17,21.13,99.83,20.21,1.0
2023102300_3539_53554,Camryn Bynum,SINGLE_HIGH,3.89,High,1,81.03,25.83,79.35,31.54,1.4
2023102300_3539_53554,Camryn Bynum,SINGLE_HIGH,3.89,High,2,81.33,26.14,79.35,31.54,1.4
2023102300_3539_53554,Camryn Bynum,SINGLE_HIGH,3.89,High,3,81.61,26.48,79.35,31.54,1.4
2023102300_3539_53554,Camryn Bynum,SINGLE_HIGH,3.89,High,4,81.85,26.84,79.35,31.54,1.4
2023102300_3539_53554,Camryn Bynum,SINGLE_HIGH,3.89,High,5,82.03,27.23,79.35,31.54,1.4
2023102300_3539_53554,Camryn Bynum,SINGLE_HIGH,3.89,High,6,82.14,27.63,79.35,31.54,1.4
2023102300_3539_53554,Camryn Bynum,SINGLE_HIGH,3.89,High,7,82.2,28.06,79.35,31.54,1.4
2023102300_3539_53554,Camryn Bynum,SINGLE_HIGH,3.89,High,8,82.19,28.52,79.35,31.54,1.4
2023102300_3539_53554,Camryn Bynum,SINGLE_HIGH,3.89,High,9,82.12,28.96,79.35,31.54,1.4
2023102300_3539_53554,Camryn Bynum,SINGLE_HIGH,3.89,High,10,81.98,29.43,79.35,31.54,1.4
2023102300_3539_53554,Camryn Bynum,SINGLE_HIGH,3.89,High,11,81.79,29.9,79.35,31.54,1.4
2023102300_3539_53554,Camryn Bynum,SINGLE_HIGH,3.89,High,12,81.55,30.36,79.35,31.54,1.4
2023102300_3539_53554,Camryn Bynum,SINGLE_HIGH,3.89,High,13,81.3,30.81,79.35,31.54,1.4
2023102300_3539_53554,Camryn Bynum,SINGLE_HIGH,3.89,High,14,81.03,31.23,79.35,31.54,1.4
2023100101_2590_40107,Micah Hyde,SPLIT_DEEP,4.13,High,1,113.08,19.39,114.08,10.13,1.5
2023100101_2590_40107,Micah Hyde,SPLIT_DEEP,4.13,High,2,113.35,19.1,114.08,10.13,1.5
2023100101_2590_40107,Micah Hyde,SPLIT_DEEP,4.13,High,3,113.6,18.74,114.08,10.13,1.5
2023100101_2590_40107,Micah Hyde,SPLIT_DEEP,4.13,High,4,113.84,18.35,114.08,10.13,1.5
2023100101_2590_40107,Micah Hyde,SPLIT_DEEP,4.13,High,5,114.07,17.93,114.08,10.13,1.5
2023100101_2590_40107,Micah Hyde,SPLIT_DEEP,4.13,High,6,114.27,17.47,114.08,10.13,1.5
2023100101_2590_40107,Micah Hyde,SPLIT_DEEP,4.13,High,7,114.45,16.96,114.08,10.13,1.5
2023100101_2590_40107,Micah Hyde,SPLIT_DEEP,4.13,High,8,114.6,16.42,114.08,10.13,1.5
2023100101_2590_40107,Micah Hyde,SPLIT_DEEP,4.13,High,9,114.73,15.84,114.08,10.13,1.5
2023100101_2590_40107,Micah Hyde,SPLIT_DEEP,4.13,High,10,114.85,15.23,114.08,10.13,1.5
2023100101_2590_40107,Micah Hyde,SPLIT_DEEP,4.13,High,11,114.98,14.58,114.08,10.13,1.5
2023100101_2590_40107,Micah Hyde,SPLIT_DEEP,4.13,High,12,115.08,13.91,114.08,10.13,1.5
2023100101_2590_40107,Micah Hyde,SPLIT_DEEP,4.13,High,13,115.15,13.22,114.08,10.13,1.5
2023100101_2590_40107,Micah Hyde,SPLIT_DEEP,4.13,High,14,115.2,12.52,114.08,10.13,1.5
2023100101_2590_40107,Micah Hyde,SPLIT_DEEP,4.13,High,15,115.21,11.81,114.08,10.13,1.5
2023102204_3510_52444,Xavier McKinney,SINGLE_HIGH,4.44,High,1,84.96,27.34,92.26,49.77,2.8
2023102204_3510_52444,Xavier McKinney,SINGLE_HIGH,4.44,High,2,85.22,27.95,92.26,49.77,2.8
2023102204_3510_52444,Xavier McKinney,SINGLE_HIGH,4.44,High,3,85.48,28.59,92.26,49.77,2.8
2023102204_3510_52444,Xavier McKinney,SINGLE_HIGH,4.44,High,4,85.74,29.28,92.26,49.77,2.8
2023102204_3510_52444,Xavier McKinney,SINGLE_HIGH,4.44,High,5,86.0,30.0,92.26,49.77,2.8
2023102204_3510_52444,Xavier McKinney,SINGLE_HIGH,4.44,High,6,86.27,30.74,92.26,49.77,2.8
2023102204_3510_52444,Xavier McKinney,SINGLE_HIGH,4.44,High,7,86.54,31.52,92.26,49.77,2.8
2023102204_3510_52444,Xavier McKinney,SINGLE_HIGH,4.44,High,8,86.83,32.31,92.26,49.77,2.8
2023102204_3510_52444,Xavier McKinney,SINGLE_HIGH,4.44,High,9,87.11,33.13,92.26,49.77,2.8
2023102204_3510_52444,Xavier McKinney,SINGLE_HIGH,4.44,High,10,87.39,33.96,92.26,49.77,2.8
2023102204_3510_52444,Xavier McKinney,SINGLE_HIGH,4.44,High,11,87.69,34.79,92.26,49.77,2.8
2023102204_3510_52444,Xavier McKinney,SINGLE_HIGH,4.44,High,12,87.98,35.64,92.26,49.77,2.8
2023102204_3510_52444,Xavier McKinney,SINGLE_HIGH,4.44,High,13,88.27,36.5,92.26,49.77,2.8
2023102204_3510_52444,Xavier McKinney,SINGLE_HIGH,4.44,High,14,88.56,37.36,92.26,49.77,2.8
2023102204_3510_52444,Xavier McKinney,SINGLE_HIGH,4.44,High,15,88.85,38.24,92.26,49.77,2.8
2023102204_3510_52444,Xavier McKinney,SINGLE_HIGH,4.44,High,16,89.13,39.12,92.26,49.77,2.8
2023102204_3510_52444,Xavier McKinney,SINGLE_HIGH,4.44,High,17,89.41,40.02,92.26,49.77,2.8
2023102204_3510_52444,Xavier McKinney,SINGLE_HIGH,4.44,High,18,89.69,40.92,92.26,49.77,2.8
2023102204_3510_52444,Xavier McKinney,SINGLE_HIGH,4.44,High,19,89.95,41.83,92.26,49.77,2.8
2023102204_3510_52444,Xavier McKinney,SINGLE_HIGH,4.44,High,20,90.22,42.74,92.26,49.77,2.8
2023102204_3510_52444,Xavier McKinney,SINGLE_HIGH,4.44,High,21,90.47,43.65,92.26,49.77,2.8
2023102204_3510_52444,Xavier McKinney,SINGLE_HIGH,4.44,High,22,90.72,44.56,92.26,49.77,2.8
2023102204_3510_52444,Xavier McKinney,SINGLE_HIGH,4.44,High,23,90.96,45.46,92.26,49.77,2.8
2023102204_3510_52444,Xavier McKinney,SINGLE_HIGH,4.44,High,24,91.2,46.33,92.26,49.77,2.8
2023102204_3510_52444,Xavier McKinney,SINGLE_HIGH,4.44,High,25,91.45,47.18,92.26,49.77,2.8
2023102204_3510_52444,Xavier McKinney,SINGLE_HIGH,4.44,High,26,91.7,47.99,92.26,49.77,2.8
2023102204_3510_52444,Xavier McKinney,SINGLE_HIGH,4.44,High,27,91.98,48.75,92.26,49.77,2.8
2023102204_3510_52444,Xavier McKinney,SINGLE_HIGH,4.44,High,28,92.28,49.45,92.26,49.77,2.8
2023100803_925_54704,Rodney Thomas,SINGLE_HIGH,4.74,High,1,53.94,22.18,56.94,5.16,1.9
2023100803_925_54704,Rodney Thomas,SINGLE_HIGH,4.74,High,2,54.24,21.72,56.94,5.16,1.9
2023100803_925_54704,Rodney Thomas,SINGLE_HIGH,4.74,High,3,54.52,21.22,56.94,5.16,1.9
2023100803_925_54704,Rodney Thomas,SINGLE_HIGH,4.74,High,4,54.77,20.67,56.94,5.16,1.9
2023100803_925_54704,Rodney Thomas,SINGLE_HIGH,4.74,High,5,55.01,20.06,56.94,5.16,1.9
2023100803_925_54704,Rodney Thomas,SINGLE_HIGH,4.74,High,6,55.21,19.43,56.94,5.16,1.9
2023100803_925_54704,Rodney Thomas,SINGLE_HIGH,4.74,High,7,55.39,18.75,56.94,5.16,1.9
2023100803_925_54704,Rodney Thomas,SINGLE_HIGH,4.74,High,8,55.53,18.05,56.94,5.16,1.9
2023100803_925_54704,Rodney Thomas,SINGLE_HIGH,4.74,High,9,55.65,17.29,56.94,5.16,1.9
2023100803_925_54704,Rodney Thomas,SINGLE_HIGH,4.74,High,10,55.73,16.51,56.94,5.16,1.9
2023100803_925_54704,Rodney Thomas,SINGLE_HIGH,4.74,High,11,55.8,15.72,56.94,5.16,1.9
2023100803_925_54704,Rodney Thomas,SINGLE_HIGH,4.74,High,12,55.86,14.89,56.94,5.16,1.9
2023100803_925_54704,Rodney Thomas,SINGLE_HIGH,4.74,High,13,55.91,14.05,56.94,5.16,1.9
2023100803_925_54704,Rodney Thomas,SINGLE_HIGH,4.74,High,14,55.95,13.19,56.94,5.16,1.9
2023100803_925_54704,Rodney Thomas,SINGLE_HIGH,4.74,High,15,55.99,12.33,56.94,5.16,1.9
2023100803_925_54704,Rodney Thomas,SINGLE_HIGH,4.74,High,16,56.03,11.45,56.94,5.16,1.9
2023100803_925_54704,Rodney Thomas,SINGLE_HIGH,4.74,High,17,56.08,10.57,56.94,5.16,1.9
2023100803_925_54704,Rodney Thomas,SINGLE_HIGH,4.74,High,18,56.14,9.69,56.94,5.16,1.9
2023100803_925_54704,Rodney Thomas,SINGLE_HIGH,4.74,High,19,56.21,8.82,56.94,5.16,1.9
2023091707_1413_52594,Alohi Gilman,SINGLE_HIGH,5.04,High,1,62.95,20.27,86.94,44.68,3.1
2023091707_1413_52594,Alohi Gilman,SINGLE_HIGH,5.04,High,2,63.23,20.94,86.94,44.68,3.1
2023091707_1413_52594,Alohi Gilman,SINGLE_HIGH,5.04,High,3,63.49,21.64,86.94,44.68,3.1
2023091707_1413_52594,Alohi Gilman,SINGLE_HIGH,5.04,High,4,63.73,22.39,86.94,44.68,3.1
2023091707_1413_52594,Alohi Gilman,SINGLE_HIGH,5.04,High,5,63.96,23.16,86.94,44.68,3.1
2023091707_1413_52594,Alohi Gilman,SINGLE_HIGH,5.04,High,6,64.17,23.96,86.94,44.68,3.1
2023091707_1413_52594,Alohi Gilman,SINGLE_HIGH,5.04,High,7,64.38,24.77,86.94,44.68,3.1
2023091707_1413_52594,Alohi Gilman,SINGLE_HIGH,5.04,High,8,64.6,25.59,86.94,44.68,3.1
2023091707_1413_52594,Alohi Gilman,SINGLE_HIGH,5.04,High,9,64.82,26.42,86.94,44.68,3.1
2023091707_1413_52594,Alohi Gilman,SINGLE_HIGH,5.04,High,10,65.09,27.24,86.94,44.68,3.1
2023091707_1413_52594,Alohi Gilman,SINGLE_HIGH,5.04,High,11,65.38,28.05,86.94,44.68,3.1
2023091707_1413_52594,Alohi Gilman,SINGLE_HIGH,5.04,High,12,65.71,28.85,86.94,44.68,3.1
2023091707_1413_52594,Alohi Gilman,SINGLE_HIGH,5.04,High,13,66.07,29.63,86.94,44.68,3.1
2023091707_1413_52594,Alohi Gilman,SINGLE_HIGH,5.04,High,14,66.47,30.38,86.94,44.68,3.1
2023091707_1413_52594,Alohi Gilman,SINGLE_HIGH,5.04,High,15,66.92,31.1,86.94,44.68,3.1
2023091707_1413_52594,Alohi Gilman,SINGLE_HIGH,5.04,High,16,67.41,31.8,86.94,44.68,3.1
2023091707_1413_52594,Alohi Gilman,SINGLE_HIGH,5.04,High,17,67.94,32.45,86.94,44.68,3.1
2023091707_1413_52594,Alohi Gilman,SINGLE_HIGH,5.04,High,18,68.52,33.07,86.94,44.68,3.1
2023091707_1413_52594,Alohi Gilman,SINGLE_HIGH,5.04,High,19,69.13,33.66,86.94,44.68,3.1
2023091707_1413_52594,Alohi Gilman,SINGLE_HIGH,5.04,High,20,69.77,34.21,86.94,44.68,3.1
2023091707_1413_52594,Alohi Gilman,SINGLE_HIGH,5.04,High,21,70.46,34.73,86.94,44.68,3.1
2023091707_1413_52594,Alohi Gilman,SINGLE_HIGH,5.04,High,22,71.19,35.22,86.94,44.68,3.1
2023091707_1413_52594,Alohi Gilman,SINGLE_HIGH,5.04,High,23,71.96,35.67,86.94,44.68,3.1
2023091707_1413_52594,Alohi Gilman,SINGLE_HIGH,5.04,High,24,72.73,36.09,86.94,44.68,3.1
2023091707_1413_52594,Alohi Gilman,SINGLE_HIGH,5.04,High,25,73.53,36.47,86.94,44.68,3.1
2023091707_1413_52594,Alohi Gilman,SINGLE_HIGH,5.04,High,26,74.33,36.84,86.94,44.68,3.1
2023091707_1413_52594,Alohi Gilman,SINGLE_HIGH,5.04,High,27,75.15,37.18,86.94,44.68,3.1
2023091707_1413_52594,Alohi Gilman,SINGLE_HIGH,5.04,High,28,75.99,37.48,86.94,44.68,3.1
2023091707_1413_52594,Alohi Gilman,SINGLE_HIGH,5.04,High,29,76.82,37.77,86.94,44.68,3.1
2023091707_1413_52594,Alohi Gilman,SINGLE_HIGH,5.04,High,30,77.66,38.03,86.94,44.68,3.1
2023091707_1413_52594,Alohi Gilman,SINGLE_HIGH,5.04,High,31,78.53,38.29,86.94,44.68,3.1
2023110510_3789_54808,Reed Blankenship,SINGLE_HIGH,5.5,High,1,115.27,17.47,114.87,1.99,1.4
2023110510_3789_54808,Reed Blankenship,SINGLE_HIGH,5.5,High,2,115.44,16.79,114.87,1.99,1.4
2023110510_3789_54808,Reed Blankenship,SINGLE_HIGH,5.5,High,3,115.58,16.1,114.87,1.99,1.4
2023110510_3789_54808,Reed Blankenship,SINGLE_HIGH,5.5,High,4,115.69,15.38,114.87,1.99,1.4
2023110510_3789_54808,Reed Blankenship,SINGLE_HIGH,5.5,High,5,115.78,14.65,114.87,1.99,1.4
2023110510_3789_54808,Reed Blankenship,SINGLE_HIGH,5.5,High,6,115.83,13.89,114.87,1.99,1.4
2023110510_3789_54808,Reed Blankenship,SINGLE_HIGH,5.5,High,7,115.85,13.12,114.87,1.99,1.4
2023110510_3789_54808,Reed Blankenship,SINGLE_HIGH,5.5,High,8,115.84,12.33,114.87,1.99,1.4
2023110510_3789_54808,Reed Blankenship,SINGLE_HIGH,5.5,High,9,115.83,11.52,114.87,1.99,1.4
2023110510_3789_54808,Reed Blankenship,SINGLE_HIGH,5.5,High,10,115.79,10.71,114.87,1.99,1.4
2023110510_3789_54808,Reed Blankenship,SINGLE_HIGH,5.5,High,11,115.74,9.9,114.87,1.99,1.4
2023110510_3789_54808,Reed Blankenship,SINGLE_HIGH,5.5,High,12,115.68,9.09,114.87,1.99,1.4
2023110510_3789_54808,Reed Blankenship,SINGLE_HIGH,5.5,High,13,115.63,8.27,114.87,1.99,1.4
2023110510_3789_54808,Reed Blankenship,SINGLE_HIGH,5.5,High,14,115.56,7.47,114.87,1.99,1.4
2023100800_1120_53494,Andre Cisco,SINGLE_HIGH,5.94,High,1,68.05,23.34,64.49,15.82,1.0
2023100800_1120_53494,Andre Cisco,SINGLE_HIGH,5.94,High,2,67.83,22.74,64.49,15.82,1.0
2023100800_1120_53494,Andre Cisco,SINGLE_HIGH,5.94,High,3,67.58,22.12,64.49,15.82,1.0
2023100800_1120_53494,Andre Cisco,SINGLE_HIGH,5.94,High,4,67.3,21.48,64.49,15.82,1.0
2023100800_1120_53494,Andre Cisco,SINGLE_HIGH,5.94,High,5,67.01,20.84,64.49,15.82,1.0
2023100800_1120_53494,Andre Cisco,SINGLE_HIGH,5.94,High,6,66.71,20.19,64.49,15.82,1.0
2023100800_1120_53494,Andre Cisco,SINGLE_HIGH,5.94,High,7,66.39,19.52,64.49,15.82,1.0
2023100800_1120_53494,Andre Cisco,SINGLE_HIGH,5.94,High,8,66.06,18.84,64.49,15.82,1.0
2023100800_1120_53494,Andre Cisco,SINGLE_HIGH,5.94,High,9,65.74,18.15,64.49,15.82,1.0
2023100800_1120_53494,Andre Cisco,SINGLE_HIGH,5.94,High,10,65.43,17.45,64.49,15.82,1.0
2023102600_4096_40107,Micah Hyde,SPLIT_DEEP,6.3,High,1,76.36,14.22,70.08,6.3,1.2
2023102600_4096_40107,Micah Hyde,SPLIT_DEEP,6.3,High,2,76.19,13.55,70.08,6.3,1.2
2023102600_4096_40107,Micah Hyde,SPLIT_DEEP,6.3,High,3,75.99,12.87,70.08,6.3,1.2
2023102600_4096_40107,Micah Hyde,SPLIT_DEEP,6.3,High,4,75.77,12.18,70.08,6.3,1.2
2023102600_4096_40107,Micah Hyde,SPLIT_DEEP,6.3,High,5,75.52,11.48,70.08,6.3,1.2
2023102600_4096_40107,Micah Hyde,SPLIT_DEEP,6.3,High,6,75.24,10.77,70.08,6.3,1.2
2023102600_4096_40107,Micah Hyde,SPLIT_DEEP,6.3,High,7,74.93,10.05,70.08,6.3,1.2
2023102600_4096_40107,Micah Hyde,SPLIT_DEEP,6.3,High,8,74.59,9.33,70.08,6.3,1.2
2023102600_4096_40107,Micah Hyde,SPLIT_DEEP,6.3,High,9,74.23,8.59,70.08,6.3,1.2
2023102600_4096_40107,Micah Hyde,SPLIT_DEEP,6.3,High,10,73.86,7.85,70.08,6.3,1.2
2023102600_4096_40107,Micah Hyde,SPLIT_DEEP,6.3,High,11,73.47,7.11,70.08,6.3,1.2
2023102600_4096_40107,Micah Hyde,SPLIT_DEEP,6.3,High,12,73.06,6.39,70.08,6.3,1.2
2023092402_1078_46123,Jessie Bates,SPLIT_DEEP,7.12,High,1,64.27,22.93,77.18,40.24,2.4
2023092402_1078_46123,Jessie Bates,SPLIT_DEEP,7.12,High,2,64.95,23.18,77.18,40.24,2.4
2023092402_1078_46123,Jessie Bates,SPLIT_DEEP,7.12,High,3,65.63,23.48,77.18,40.24,2.4
2023092402_1078_46123,Jessie Bates,SPLIT_DEEP,7.12,High,4,66.31,23.83,77.18,40.24,2.4
2023092402_1078_46123,Jessie Bates,SPLIT_DEEP,7.12,High,5,66.98,24.23,77.18,40.24,2.4
2023092402_1078_46123,Jessie Bates,SPLIT_DEEP,7.12,High,6,67.62,24.68,77.18,40.24,2.4
2023092402_1078_46123,Jessie Bates,SPLIT_DEEP,7.12,High,7,68.26,25.17,77.18,40.24,2.4
2023092402_1078_46123,Jessie Bates,SPLIT_DEEP,7.12,High,8,68.87,25.71,77.18,40.24,2.4
2023092402_1078_46123,Jessie Bates,SPLIT_DEEP,7.12,High,9,69.48,26.3,77.18,40.24,2.4
2023092402_1078_46123,Jessie Bates,SPLIT_DEEP,7.12,High,10,70.07,26.92,77.18,40.24,2.4
2023092402_1078_46123,Jessie Bates,SPLIT_DEEP,7.12,High,11,70.63,27.58,77.18,40.24,2.4
2023092402_1078_46123,Jessie Bates,SPLIT_DEEP,7.12,High,12,71.17,28.26,77.18,40.24,2.4
2023092402_1078_46123,Jessie Bates,SPLIT_DEEP,7.12,High,13,71.69,28.98,77.18,40.24,2.4
2023092402_1078_46123,Jessie Bates,SPLIT_DEEP,7.12,High,14,72.2,29.72,77.18,40.24,2.4
2023092402_1078_46123,Jessie Bates,SPLIT_DEEP,7.12,High,15,72.7,30.48,77.18,40.24,2.4
2023092402_1078_46123,Jessie Bates,SPLIT_DEEP,7.12,High,16,73.18,31.25,77.18,40.24,2.4
2023092402_1078_46123,Jessie Bates,SPLIT_DEEP,7.12,High,17,73.65,32.04,77.18,40.24,2.4
2023092402_1078_46123,Jessie Bates,SPLIT_DEEP,7.12,High,18,74.12,32.84,77.18,40.24,2.4
2023092402_1078_46123,Jessie Bates,SPLIT_DEEP,7.12,High,19,74.59,33.64,77.18,40.24,2.4
2023092402_1078_46123,Jessie Bates,SPLIT_DEEP,7.12,High,20,75.08,34.45,77.18,40.24,2.4
2023092402_1078_46123,Jessie Bates,SPLIT_DEEP,7.12,High,21,75.57,35.26,77.18,40.24,2.4
2023092402_1078_46123,Jessie Bates,SPLIT_DEEP,7.12,High,22,76.07,36.06,77.18,40.24,2.4
2023092402_1078_46123,Jessie Bates,SPLIT_DEEP,7.12,High,23,76.58,36.86,77.18,40.24,2.4
2023092402_1078_46123,Jessie Bates,SPLIT_DEEP,7.12,High,24,77.11,37.65,77.18,40.24,2.4
2023091711_855_54578,Percy Butler,SPLIT_DEEP,13.44,High,1,74.45,18.05,95.26,36.91,3.0
2023091711_855_54578,Percy Butler,SPLIT_DEEP,13.44,High,2,75.11,18.19,95.26,36.91,3.0
2023091711_855_54578,Percy Butler,SPLIT_DEEP,13.44,High,3,75.77,18.39,95.26,36.91,3.0
2023091711_855_54578,Percy Butler,SPLIT_DEEP,13.44,High,4,76.44,18.63,95.26,36.91,3.0
2023091711_855_54578,Percy Butler,SPLIT_DEEP,13.44,High,5,77.1,18.92,95.26,36.91,3.0
2023091711_855_54578,Percy Butler,SPLIT_DEEP,13.44,High,6,77.77,19.25,95.26,36.91,3.0
2023091711_855_54578,Percy Butler,SPLIT_DEEP,13.44,High,7,78.44,19.62,95.26,36.91,3.0
2023091711_855_54578,Percy Butler,SPLIT_DEEP,13.44,High,8,79.11,20.04,95.26,36.91,3.0
2023091711_855_54578,Percy Butler,SPLIT_DEEP,13.44,High,9,79.77,20.49,95.26,36.91,3.0
2023091711_855_54578,Percy Butler,SPLIT_DEEP,13.44,High,10,80.43,20.98,95.26,36.91,3.0
2023091711_855_54578,Percy Butler,SPLIT_DEEP,13.44,High,11,81.11,21.49,95.26,36.91,3.0
2023091711_855_54578,Percy Butler,SPLIT_DEEP,13.44,High,12,81.78,22.04,95.26,36.91,3.0
2023091711_855_54578,Percy Butler,SPLIT_DEEP,13.44,High,13,82.44,22.61,95.26,36.91,3.0
2023091711_855_54578,Percy Butler,SPLIT_DEEP,13.44,High,14,83.11,23.21,95.26,36.91,3.0
2023091711_855_54578,Percy Butler,SPLIT_DEEP,13.44,High,15,83.8,23.82,95.26,36.91,3.0
2023091711_855_54578,Percy Butler,SPLIT_DEEP,13.44,High,16,84.5,24.45,95.26,36.91,3.0
2023091711_855_54578,Percy Butler,SPLIT_DEEP,13.44,High,17,85.21,25.09,95.26,36.91,3.0
2023091711_855_54578,Percy Butler,SPLIT_DEEP,13.44,High,18,85.92,25.73,95.26,36.91,3.0
2023091711_855_54578,Percy Butler,SPLIT_DEEP,13.44,High,19,86.64,26.39,95.26,36.91,3.0
2023091711_855_54578,Percy Butler,SPLIT_DEEP,13.44,High,20,87.39,27.05,95.26,36.91,3.0
2023091711_855_54578,Percy Butler,SPLIT_DEEP,13.44,High,21,88.15,27.71,95.26,36.91,3.0
2023091711_855_54578,Percy Butler,SPLIT_DEEP,13.44,High,22,88.91,28.37,95.26,36.91,3.0
2023091711_855_54578,Percy Butler,SPLIT_DEEP,13.44,High,23,89.68,29.03,95.26,36.91,3.0
2023091711_855_54578,Percy Butler,SPLIT_DEEP,13.44,High,24,90.45,29.68,95.26,36.91,3.0
2023091711_855_54578,Percy Butler,SPLIT_DEEP,13.44,High,25,91.24,30.33,95.26,36.91,3.0
2023091711_855_54578,Percy Butler,SPLIT_DEEP,13.44,High,26,92.02,30.98,95.26,36.91,3.0
2023091711_855_54578,Percy Butler,SPLIT_DEEP,13.44,High,27,92.8,31.63,95.26,36.91,3.0
2023091711_855_54578,Percy Butler,SPLIT_DEEP,13.44,High,28,93.59,32.27,95.26,36.91,3.0
2023091711_855_54578,Percy Butler,SPLIT_DEEP,13.44,High,29,94.39,32.91,95.26,36.91,3.0
2023091711_855_54578,Percy Butler,SPLIT_DEEP,13.44,High,30,95.2,33.54,95.26,36.91,3.0
